{"class_name": "Sequential", "config": {"name": "sequential_9", "layers": [{"module": "keras.layers", "class_name": "InputLayer", "config": {"batch_input_shape": [null, 10], "dtype": "float32", "sparse": false, "ragged": false, "name": "dense_26_input"}, "registered_name": null}, {"module": "keras.layers", "class_name": "Dense", "config": {"name": "dense_26", "trainable": true, "dtype": "float32", "batch_input_shape": [null, 10], "units": 1024, "activation": "relu", "use_bias": true, "kernel_initializer": {"module": "keras.initializers", "class_name": "GlorotUniform", "config": {"seed": null}, "registered_name": null}, "bias_initializer": {"module": "keras.initializers", "class_name": "Zeros", "config": {}, "registered_name": null}, "kernel_regularizer": null, "bias_regularizer": null, "activity_regularizer": null, "kernel_constraint": null, "bias_constraint": null}, "registered_name": null, "build_config": {"input_shape": [null, 10]}}, {"module": "keras.layers", "class_name": "Dense", "config": {"name": "dense_27", "trainable": true, "dtype": "float32", "units": 21, "activation": "softmax", "use_bias": true, "kernel_initializer": {"module": "keras.initializers", "class_name": "GlorotUniform", "config": {"seed": null}, "registered_name": null}, "bias_initializer": {"module": "keras.initializers", "class_name": "Zeros", "config": {}, "registered_name": null}, "kernel_regularizer": null, "bias_regularizer": null, "activity_regularizer": null, "kernel_constraint": null, "bias_constraint": null}, "registered_name": null, "build_config": {"input_shape": [null, 1024]}}]}, "keras_version": "2.15.0", "backend": "tensorflow"}