{
    "Menteng Atas": 1,
    "Hasyim Ashari": 2,
    "Mega Kuningan": 3,
    "Menteng": 4,
    "Senayan": 5,
    "Scbd": 6,
    "Blok M": 7,
    "Simprug": 8,
    "Permata Hijau": 9,
    "Prapanca": 10,
    "Slipi": 11,
    "Senopati": 12,
    "Menteng Dalam": 13,
    "Kuningan": 14,
    "Patra Kuningan": 15,
    "Pakubuwono": 16,
    "Sudirman": 17,
    "Kebayoran Baru": 18,
    "Bangka": 19,
    "Pejompongan": 20,
    "Pantai Mutiara": 21,
    "Ancol": 22,
    "Kebon Kacang": 23,
    "Lenteng Agung": 24,
    "Pondok Indah": 25,
    "Bendungan Hilir": 26,
    "Setia Budi": 27,
    "Setiabudi": 28,
    "Fatmawati": 29,
    "Ragunan": 30,
    "Kedoya": 31,
    "Cipulir": 32,
    "Cipete": 33,
    "Guntur": 34,
    "Intercon": 35,
    "Ciganjur": 36,
    "Mampang Prapatan": 37,
    "Pulomas": 38,
    "Pantai Indah Kapuk": 39,
    "Ampera": 40,
    "Tanjung Duren Utara": 41,
    "Patal Senayan": 42,
    "Panglima Polim": 43,
    "Pluit": 44,
    "Kebayoran Lama": 45,
    "Tawakal": 46,
    "Lebak Bulus": 47,
    "Kedoya Baru": 48,
    "Gajah Mada": 49,
    "Tanah Abang": 50,
    "Harmoni": 51,
    "Pondok Hijau Golf": 52,
    "Tanjung Duren Selatan": 53,
    "Veteran": 54,
    "Angke": 55,
    "Pejaten": 56,
    "Jati Padang": 57,
    "Kemang": 58,
    "Cilandak": 59,
    "Warung Buncit": 60,
    "Pagedangan": 61,
    "Tb Simatupang": 62,
    "Green Garden": 63,
    "Blok S": 64,
    "Taman Sari": 65,
    "Duren Tiga": 66,
    "Sunrise Garden": 67,
    "Gambir": 68,
    "Permata Buana": 69,
    "Pondok Kelapa": 70,
    "Villa Meruya": 71,
    "Penjaringan": 72,
    "Taman Meruya": 73,
    "Mampang": 74,
    "Petojo": 75,
    "Kemanggisan": 76,
    "Golf Island": 77,
    "Palmerah": 78,
    "Citra Garden 2 Extension": 79,
    "Sektor 3 - Bintaro": 80,
    "Cideng": 81,
    "Tebet": 82,
    "Muara Karang": 83,
    "Alfa Indah": 84,
    "Pondok Pinang": 85,
    "Jatinegara": 86,
    "Pondok Labu": 87,
    "Sawah Besar": 88,
    "Jembatan Dua": 89,
    "Radio Dalam": 90,
    "Citra Grand": 91,
    "Pulo Gadung": 92,
    "Condet": 93,
    "Ulujami": 94,
    "Kelapa Gading": 95,
    "Taman Mini": 96,
    "Tambora": 97,
    "Taman Grisenda": 98,
    "Tomang": 99,
    "Sunter": 100,
    "Gandaria": 101,
    "Puri Mansion": 102,
    "Jembatan Lima": 103,
    "Cipinang Melayu": 104,
    "Kav Dki": 105,
    "Teluk Gong": 106,
    "Citra Garden": 107,
    "Pasar Baru": 108,
    "Tanjung Priok": 109,
    "Pesanggrahan": 110,
    "Pasar Minggu": 111,
    "Grogol Petamburan": 112,
    "Raffles Hills": 113,
    "Klender": 114,
    "Karang Anyar": 115,
    "Pademangan": 116,
    "Green Mansion": 117,
    "Pancoran": 118,
    "Green Ville": 119,
    "Kalibata": 120,
    "Grogol": 121,
    "Joglo": 122,
    "Kembangan": 123,
    "Green Lake City": 124,
    "Petukangan": 125,
    "Grand Depok City": 126,
    "Taman Ratu": 127,
    "Puri Media": 128,
    "Puri Indah": 129,
    "Kebagusan": 130,
    "Bintaro": 131,
    "Tanah Kusir": 132,
    "Pantai Indah Kapuk 2": 133,
    "Rawamangun": 134,
    "Kelapa Dua": 135,
    "Metland Puri": 136,
    "Kali Deres": 137,
    "Duren Sawit": 138,
    "Pulogebang": 139,
    "Jelambar": 140,
    "Karang Tengah": 141,
    "Cipedak": 142,
    "Duri Kepa": 143,
    "Pinang Ranti": 144,
    "Kayu Putih": 145,
    "Mangga Besar": 146,
    "Kebon Jeruk": 147,
    "Cipinang": 148,
    "Makasar": 149,
    "Kayu Jati": 150,
    "Johar Baru": 151,
    "L'Agricola": 152,
    "Kalideres": 153,
    "Cisarua": 154,
    "Bukit Duri": 155,
    "Tanjung Barat": 156,
    "Duta Garden": 157,
    "Pondok Bambu": 158,
    "Cempaka Putih": 159,
    "Tanjung Duren": 160,
    "Legenda Wisata": 161,
    "Cengkareng": 162,
    "Taman Surya": 163,
    "Meruya": 164,
    "Koja": 165,
    "Cinere": 166,
    "Cakung": 167,
    "Senen": 168,
    "Jagakarsa": 169,
    "Taman Palem": 170,
    "Daan Mogot": 171,
    "Cengkareng Barat": 172,
    "Semanan": 173,
    "Buaran": 174,
    "Pegangsaan": 175,
    "Kramat Jati": 176,
    "Bojong Indah": 177,
    "Babakan Madang": 178,
    "Duri Kosambi": 179,
    "Sektor 2 - Bintaro": 180,
    "Kota Wisata": 181,
    "Sindang Jaya": 182,
    "Larangan": 183,
    "Cirendeu": 184,
    "Utan Kayu": 185,
    "Benda": 186,
    "Cibodas": 187,
    "Cawang": 188,
    "Kemayoran": 189,
    "Matraman": 190,
    "Pisangan Lama": 191,
    "Bambu Apus": 192,
    "Cilangkap": 193,
    "Cempaka Mas": 194,
    "Sumur Batu": 195,
    "Cibubur": 196,
    "Cipondoh": 197,
    "Cinangka": 198,
    "Tangerang": 199,
    "Bogor Tengah": 200,
    "Kosambi": 201,
    "Graha Bintaro": 202,
    "Cilincing": 203,
    "Daan Mogot Arcadia": 204,
    " Bogor Barat": 205,
    "Kresek": 206,
    "Batuceper": 207,
    "Bogor Utara": 208,
    "Ciledug": 209,
    "Bogor Selatan": 210,
    "Bsd City": 211,
    "Cimanggis": 212,
    "Pondokmelati": 213,
    "Pondokgede": 214,
    "Limo": 215,
    "Jatisampurna": 216,
    "Pasar Rebo": 217,
    "Ciawi": 218,
    "Pinang": 219,
    "Gunung Putri": 220,
    "Curug": 221,
    "Pondok Gede": 222,
    "Caringin": 223,
    "Neglasari": 224,
    "Taman Parahyangan": 225,
    "Cikupa": 226,
    "Dramaga": 227,
    "Ciracas": 228,
    "Bogor Timur": 229,
    "Jatiwaringin": 230,
    "Percetakan Negara": 231,
    "Teluknaga": 232,
    "Balaraja": 233,
    "Salemba": 234,
    "Beji": 235,
    "Sukma Jaya": 236,
    " Babakan Madang": 237,
    "Jatiasih": 238,
    " Gunung Sindur": 239,
    "Jawa Barat": 240,
    "Cijantung": 241,
    "Kalisari": 242,
    "Karawaci": 243,
    "Tapos": 244,
    "Mauk": 245,
    "Kedungwaringin": 246,
    "Bojongsari": 247,
    "Tarumajaya": 248,
    "Cilodong": 249,
    "Pancoran Mas": 250,
    "Bogor Barat": 251,
    "Tanah Sereal": 252,
    " Gunung Putri": 253,
    "Medan Satria": 254,
    "Bekasi Barat": 255,
    " Cibinong": 256,
    "Periuk": 257,
    "Cibinong": 258,
    "Panongan": 259,
    "Bekasi Selatan": 260,
    "Sawangan": 261,
    " Bogor Selatan": 262,
    "Legok": 263,
    "Bali Resort Bogor": 264,
    "Pasarkemis": 265,
    "Cikarang Timur": 266,
    "Pondok Ranggon": 267,
    "Ciomas": 268,
    "Cikoko": 269,
    "Cileungsi": 270,
    "Cipayung": 271,
    "Leuwisadeng": 272,
    "Tambun Selatan": 273,
    "Cikarang Pusat": 274,
    "Rawalumbu": 275,
    "Bekasi Timur": 276,
    "Cikupa Citra Raya": 277,
    "Bekasi Utara": 278,
    "Leuwiliang": 279,
    " Bogor Utara": 280,
    " Bojonggede": 281,
    " Kemang": 282,
    "Mustikajaya": 283,
    "Bojonggede": 284,
    "Cikarang Selatan": 285,
    " Tajur Halang": 286,
    "Cikarang Barat": 287,
    " Bogor Timur": 288,
    "Gunung Sindur": 289,
    "Tamansari": 290,
    " Tajurhalang": 291,
    " Rumpin": 292,
    "Jati Uwung": 293,
    "Tigaraksa": 294,
    "Bantargebang": 295,
    "Bojong Gede": 296,
    "Megamendung": 297,
    " Sukaraja": 298,
    " Ciomas": 299,
    "Sukaraja": 300,
    " Jonggol": 301,
    "Parung": 302,
    "Cikarang Utara": 303,
    "Bungur": 304,
    "Gunung Sahari": 305,
    "Jatibening": 306,
    "Tambun Utara": 307,
    "Jayanti": 308,
    "Babelan": 309,
    "Parung Panjang": 310,
    "Sepatan": 311,
    "Setu": 312,
    "Ranca Bungur": 313,
    "Cijeruk": 314,
    "Cibungbulang": 315,
    "Rajeg": 316,
    "Rumpin": 317,
    "Cisauk": 318,
    "Tajur Halang": 319,
    "Jonggol": 320,
    "Citeureup": 321,
    "Pakuhaji": 322,
    "Sukawangi": 323,
    "Sepatan Timur": 324,
    "Cibitung": 325,
    "Klapanunggal": 326,
    "Ciampea": 327,
    "Ciseeng": 328,
    "Sukatani": 329,
    "Karangbahagia": 330,
    "Cibarusah": 331,
    "Tenjo": 332,
    "Jambe": 333,
    "Sukadiri": 334,
    " Tenjo": 335,
    "Pamijahan": 336,
    "Cariu": 337,
    "Solear": 338,
    "Serang Baru": 339,
    "Cisoka": 340,
    "Jasinga": 341,
    "Kelapa Nunggal": 342
}