{
    "0": "0-250 juta",
    "1": "250-500 juta",
    "2": "500-750 juta",
    "3": "750 juta - 1 milyar",
    "4": "1-1.25 miliar",
    "5": "1.25-1.5 miliar",
    "6": "1.5-1.75 miliar",
    "7": "1.75-2 miliar",
    "8": "2-2.25 miliar",
    "9": "2.25-2.5 miliar",
    "10": "2.5-2.75 miliar",
    "11": "2.75-3 miliar",
    "12": "3-3.25 miliar",
    "13": "3.25-3.5 miliar",
    "14": "3.5-3.75 miliar",
    "15": "3.75-4 miliar",
    "16": "4-4.25 miliar",
    "17": "4.25-4.5 miliar",
    "18": "4.5-4.75 miliar",
    "19": "4.75-5 miliar",
    "20": "lebih dari 5 miliar"
}