District,City,Latitude,Longitude,Price,Land_Size_M2,Building_Size_M2,Floors,Bedrooms,Bathrooms,Carport/Garage
Cibinong,Kabupaten Bogor,-6.4901067,106.8306951,683000000.0,88.0,36.0,1.0,2.0,1.0,1.0
Megamendung,Kabupaten Bogor,-6.6509623,106.9057427,500000000.0,320.0,160.0,1.0,3.0,2.0,1.0
Jonggol,Kabupaten Bogor,-6.4597469,107.0422961,395000000.0,72.0,60.0,1.0,3.0,2.0,1.0
Cibinong,Kabupaten Bogor,-6.4901067,106.8306951,683000000.0,88.0,36.0,1.0,2.0,1.0,1.0
 Tajur Halang,Kabupaten Bogor,-6.4713484,106.7802858,100000000.0,60.0,36.0,1.0,2.0,1.0,1.0
 Bogor Utara,Kota Bogor,-6.587388199999999,106.8281623,497000000.0,90.0,36.0,1.0,2.0,1.0,1.0
 Jonggol,Kabupaten Bogor,-6.5134022,107.0007987,497000000.0,90.0,36.0,1.0,2.0,1.0,1.0
Parung,Kabupaten Bogor,-6.427080399999999,106.7244846,1367604000.0,105.0,88.0,2.0,3.0,2.0,2.0
Bojonggede,Kabupaten Bogor,-6.4960615,106.7947017,175000000.0,42.0,40.0,1.0,2.0,1.0,0.0
Ciomas,Kabupaten Bogor,-6.6019425,106.7656825,795000000.0,60.0,55.0,2.0,3.0,2.0,1.0
 Bogor Selatan,Kota Bogor,-6.6710208,106.8266873,875000000.0,120.0,53.0,1.0,2.0,1.0,1.0
Bogor Timur,Kota Bogor,-6.617944400000001,106.820343,400000000.0,54.0,54.0,1.0,2.0,1.0,0.0
Tajur Halang,Kabupaten Bogor,-6.4758182,106.7578498,326000000.0,66.0,36.0,1.0,2.0,1.0,1.0
Tajur Halang,Kabupaten Bogor,-6.4758182,106.7578498,300000000.0,66.0,36.0,1.0,2.0,1.0,1.0
 Bogor Utara,Kota Bogor,-6.587388199999999,106.8281623,300000000.0,66.0,36.0,1.0,2.0,1.0,1.0
Cibinong,Kabupaten Bogor,-6.4901067,106.8306951,560000000.0,75.0,150.0,2.0,4.0,2.0,2.0
 Kemang,Kabupaten Bogor,-6.5408947,106.7603239,497000000.0,90.0,36.0,1.0,2.0,1.0,1.0
 Ciomas,Kabupaten Bogor,-6.596503999999999,106.7500025,497000000.0,90.0,36.0,1.0,2.0,1.0,1.0
Tajur Halang,Kabupaten Bogor,-6.4551607,106.7501884,569000000.0,67.0,36.0,1.0,2.0,1.0,1.0
 Sukaraja,Kabupaten Bogor,-6.5932534,106.8443875,497000000.0,90.0,36.0,1.0,2.0,1.0,1.0
 Cibinong,Kabupaten Bogor,-6.4544294,106.8502879,497000000.0,90.0,36.0,1.0,2.0,1.0,1.0
Rumpin,Kabupaten Bogor,-6.4576306,106.6464973,390300000.0,60.0,35.0,1.0,2.0,1.0,1.0
Cibinong,Kabupaten Bogor,-6.4901067,106.8306951,699000007.0,90.0,65.0,1.0,2.0,1.0,1.0
 Bogor Timur,Kota Bogor,-6.6096958,106.8148879,900000000.0,118.0,100.0,1.0,3.0,2.0,1.0
Cibinong,Kabupaten Bogor,-6.4901067,106.8306951,400000000.0,142.0,143.0,1.0,3.0,2.0,0.0
Rumpin,Kabupaten Bogor,-6.4576306,106.6464973,390300000.0,60.0,35.0,1.0,2.0,1.0,1.0
Rumpin,Kabupaten Bogor,-6.4576306,106.6464973,390300000.0,60.0,35.0,1.0,2.0,1.0,1.0
Rumpin,Kabupaten Bogor,-6.4576306,106.6464973,390300000.0,60.0,35.0,1.0,2.0,1.0,1.0
Rumpin,Kabupaten Bogor,-6.4576306,106.6464973,390300000.0,60.0,35.0,1.0,2.0,1.0,1.0
Rumpin,Kabupaten Bogor,-6.4576306,106.6464973,390300000.0,60.0,35.0,1.0,2.0,1.0,1.0
Rumpin,Kabupaten Bogor,-6.4576306,106.6464973,390300000.0,60.0,35.0,1.0,2.0,1.0,1.0
Rumpin,Kabupaten Bogor,-6.4576306,106.6464973,390300000.0,60.0,35.0,1.0,2.0,1.0,1.0
Rumpin,Kabupaten Bogor,-6.4576306,106.6464973,390300000.0,60.0,35.0,1.0,2.0,1.0,1.0
Rumpin,Kabupaten Bogor,-6.4576306,106.6464973,393300000.0,35.0,60.0,1.0,2.0,1.0,1.0
Cibinong,Kabupaten Bogor,-6.4901067,106.8306951,783191000.0,60.0,65.0,2.0,2.0,2.0,0.0
Cibinong,Kabupaten Bogor,-6.4901067,106.8306951,783191000.0,60.0,65.0,2.0,2.0,2.0,0.0
Cibinong,Kabupaten Bogor,-6.4901067,106.8306951,783191000.0,60.0,65.0,2.0,2.0,2.0,0.0
Cibinong,Kabupaten Bogor,-6.4901067,106.8306951,908000000.0,65.0,91.0,2.0,3.0,2.0,1.0
Parung Panjang,Kabupaten Bogor,-6.3681068,106.5533873,185000000.0,60.0,28.0,1.0,2.0,1.0,1.0
Cibinong,Kabupaten Bogor,-6.4901067,106.8306951,699000000.0,90.0,60.0,1.0,2.0,1.0,1.0
Cibinong,Kabupaten Bogor,-6.4901067,106.8306951,783191000.0,60.0,65.0,2.0,2.0,2.0,0.0
Cibinong,Kabupaten Bogor,-6.4901067,106.8306951,783191000.0,60.0,65.0,2.0,2.0,2.0,0.0
Parung Panjang,Kabupaten Bogor,-6.3681068,106.5533873,185000000.0,60.0,28.0,1.0,2.0,1.0,1.0
Cibinong,Kabupaten Bogor,-6.4901067,106.8306951,783191000.0,60.0,65.0,2.0,2.0,2.0,0.0
Cibinong,Kabupaten Bogor,-6.4901067,106.8306951,783191000.0,60.0,65.0,2.0,2.0,2.0,0.0
Parung Panjang,Kabupaten Bogor,-6.3681068,106.5533873,185000000.0,60.0,28.0,1.0,2.0,1.0,1.0
Bojonggede,Kabupaten Bogor,-6.4960615,106.7947017,672811080.0,105.0,36.0,1.0,2.0,1.0,0.0
Bojonggede,Kabupaten Bogor,-6.4960615,106.7947017,672811080.0,105.0,36.0,1.0,2.0,1.0,0.0
Bojonggede,Kabupaten Bogor,-6.4960615,106.7947017,672811080.0,105.0,36.0,1.0,2.0,1.0,0.0
Citeureup,Kabupaten Bogor,-6.485174499999999,106.8726814,300000000.0,59.0,45.0,1.0,2.0,1.0,1.0
Bojonggede,Kabupaten Bogor,-6.4960615,106.7947017,672811080.0,105.0,36.0,1.0,2.0,1.0,0.0
Dramaga,Kabupaten Bogor,-6.577668999999999,106.7319218,464000000.0,72.0,36.0,1.0,2.0,1.0,1.0
Dramaga,Kabupaten Bogor,-6.577668999999999,106.7319218,369000000.0,60.0,30.0,1.0,2.0,1.0,1.0
Dramaga,Kabupaten Bogor,-6.577668999999999,106.7319218,400000000.0,60.0,60.0,1.0,3.0,1.0,1.0
Tajur Halang,Kabupaten Bogor,-6.4551607,106.7501884,475000000.0,70.0,55.0,2.0,3.0,2.0,1.0
Bojonggede,Kabupaten Bogor,-6.4960615,106.7947017,583190000.0,70.0,36.0,1.0,2.0,1.0,0.0
Bojonggede,Kabupaten Bogor,-6.4960615,106.7947017,583190000.0,70.0,36.0,1.0,2.0,1.0,0.0
Bojonggede,Kabupaten Bogor,-6.4960615,106.7947017,583190000.0,70.0,36.0,1.0,2.0,1.0,0.0
 Tajur Halang,Kabupaten Bogor,-6.473501499999999,106.7711638,583190000.0,70.0,36.0,1.0,2.0,1.0,0.0
Bojonggede,Kabupaten Bogor,-6.4960615,106.7947017,672811080.0,105.0,36.0,1.0,2.0,1.0,0.0
Bojonggede,Kabupaten Bogor,-6.4960615,106.7947017,672811080.0,105.0,36.0,1.0,2.0,1.0,0.0
Bojonggede,Kabupaten Bogor,-6.4960615,106.7947017,672811080.0,105.0,36.0,1.0,2.0,1.0,0.0
Bojonggede,Kabupaten Bogor,-6.4960615,106.7947017,672811080.0,105.0,36.0,1.0,2.0,1.0,0.0
Bojonggede,Kabupaten Bogor,-6.4960615,106.7947017,672811080.0,105.0,36.0,1.0,2.0,1.0,0.0
Cibinong,Kabupaten Bogor,-6.4901067,106.8306951,355000000.0,50.0,36.0,1.0,2.0,1.0,1.0
Gunung Sindur,Kabupaten Bogor,-6.3847562,106.6804186,400000000.0,66.0,40.0,1.0,2.0,1.0,1.0
Bogor Tengah,Kota Bogor,-6.5930142,106.7864809,750000000.0,60.0,60.0,2.0,3.0,2.0,2.0
Cibinong,Kabupaten Bogor,-6.4901067,106.8306951,699000007.0,90.0,60.0,1.0,2.0,1.0,1.0
 Gunung Putri,Kabupaten Bogor,-6.4161173,106.9076234,1485100000.0,78.0,69.0,2.0,3.0,2.0,2.0
Cibinong,Kabupaten Bogor,-6.4901067,106.8306951,679600000.0,80.0,36.0,1.0,2.0,1.0,0.0
Cibinong,Kabupaten Bogor,-6.4901067,106.8306951,679600000.0,80.0,36.0,1.0,2.0,1.0,0.0
Cibinong,Kabupaten Bogor,-6.4901067,106.8306951,905000000.0,64.0,91.0,2.0,3.0,2.0,1.0
Cibinong,Kabupaten Bogor,-6.4901067,106.8306951,679600000.0,80.0,36.0,1.0,2.0,1.0,0.0
Cibinong,Kabupaten Bogor,-6.4901067,106.8306951,679600000.0,80.0,36.0,1.0,2.0,1.0,0.0
Cibinong,Kabupaten Bogor,-6.4901067,106.8306951,780300000.0,93.0,36.0,1.0,2.0,1.0,0.0
Cibinong,Kabupaten Bogor,-6.4901067,106.8306951,780300000.0,93.0,36.0,1.0,2.0,1.0,0.0
Cibinong,Kabupaten Bogor,-6.4901067,106.8306951,780300000.0,93.0,36.0,1.0,2.0,1.0,0.0
 Cibinong,Kabupaten Bogor,-6.4587713,106.8181696,780300000.0,93.0,36.0,1.0,2.0,1.0,0.0
Bojonggede,Kabupaten Bogor,-6.4960615,106.7947017,583190000.0,70.0,36.0,1.0,2.0,1.0,0.0
Cibinong,Kabupaten Bogor,-6.4901067,106.8306951,679600000.0,80.0,36.0,1.0,2.0,1.0,0.0
Bojonggede,Kabupaten Bogor,-6.4960615,106.7947017,583190000.0,70.0,36.0,1.0,2.0,1.0,0.0
Bojonggede,Kabupaten Bogor,-6.4960615,106.7947017,583190000.0,70.0,36.0,1.0,2.0,1.0,0.0
Jonggol,Kabupaten Bogor,-6.4597469,107.0422961,250000000.0,72.0,72.0,1.0,3.0,1.0,0.0
Bojonggede,Kabupaten Bogor,-6.4960615,106.7947017,583190000.0,70.0,36.0,1.0,2.0,1.0,0.0
Bojonggede,Kabupaten Bogor,-6.4960615,106.7947017,583190000.0,70.0,36.0,1.0,2.0,1.0,0.0
 Tajur Halang,Kabupaten Bogor,-6.473501499999999,106.7711638,583190000.0,70.0,36.0,1.0,2.0,1.0,0.0
 Babakan Madang,Kabupaten Bogor,-6.5211331,106.8502879,908000000.0,64.0,91.0,2.0,3.0,2.0,1.0
Bojonggede,Kabupaten Bogor,-6.4960615,106.7947017,672811080.0,105.0,36.0,1.0,2.0,1.0,0.0
Bojonggede,Kabupaten Bogor,-6.4960615,106.7947017,672811080.0,105.0,36.0,1.0,2.0,1.0,0.0
Bojonggede,Kabupaten Bogor,-6.4960615,106.7947017,672811080.0,105.0,36.0,1.0,2.0,1.0,0.0
Bojonggede,Kabupaten Bogor,-6.4960615,106.7947017,672811080.0,105.0,36.0,1.0,2.0,1.0,0.0
Bogor Selatan,Kota Bogor,-6.6323703,106.8075977,600000000.0,78.0,72.0,1.0,3.0,2.0,1.0
Tajur Halang,Kabupaten Bogor,-6.4551607,106.7501884,383000000.0,72.0,36.0,1.0,2.0,1.0,1.0
Cibinong,Kabupaten Bogor,-6.4901067,106.8306951,780300000.0,93.0,36.0,1.0,2.0,1.0,1.0
Cibinong,Kabupaten Bogor,-6.4901067,106.8306951,780300000.0,93.0,36.0,1.0,2.0,1.0,1.0
Bogor Timur,Kota Bogor,-6.617944400000001,106.820343,905000000.0,64.0,91.0,2.0,3.0,2.0,1.0
 Cibinong,Kabupaten Bogor,-6.5198749,106.8119382,905000000.0,64.0,91.0,2.0,3.0,2.0,1.0
Parung Panjang,Kabupaten Bogor,-6.3681068,106.5533873,185000000.0,60.0,28.0,1.0,2.0,1.0,1.0
Parung Panjang,Kabupaten Bogor,-6.3681068,106.5533873,185000000.0,60.0,28.0,1.0,2.0,1.0,1.0
Parung Panjang,Kabupaten Bogor,-6.3681068,106.5533873,185000000.0,60.0,28.0,1.0,2.0,1.0,1.0
Parung Panjang,Kabupaten Bogor,-6.3681068,106.5533873,185000000.0,60.0,28.0,1.0,2.0,1.0,1.0
Cibinong,Kabupaten Bogor,-6.4901067,106.8306951,783191000.0,60.0,65.0,2.0,2.0,2.0,0.0
Parung Panjang,Kabupaten Bogor,-6.3681068,106.5533873,954520000.0,68.0,62.0,2.0,3.0,1.0,1.0
Cibinong,Kabupaten Bogor,-6.4901067,106.8306951,783191000.0,60.0,64.0,2.0,2.0,2.0,0.0
Cibinong,Kabupaten Bogor,-6.4901067,106.8306951,783191000.0,60.0,65.0,2.0,2.0,2.0,0.0
Cibinong,Kabupaten Bogor,-6.4901067,106.8306951,783191000.0,60.0,65.0,2.0,2.0,2.0,0.0
Cibinong,Kabupaten Bogor,-6.4901067,106.8306951,783191000.0,60.0,65.0,2.0,2.0,2.0,0.0
Cibinong,Kabupaten Bogor,-6.4901067,106.8306951,783191000.0,60.0,65.0,2.0,2.0,2.0,0.0
Cibinong,Kabupaten Bogor,-6.4901067,106.8306951,783191000.0,60.0,65.0,2.0,2.0,2.0,0.0
Bojonggede,Kabupaten Bogor,-6.4960615,106.7947017,672811080.0,105.0,36.0,1.0,2.0,1.0,0.0
Bojonggede,Kabupaten Bogor,-6.4960615,106.7947017,672811080.0,105.0,36.0,1.0,2.0,1.0,0.0
Bojonggede,Kabupaten Bogor,-6.4960615,106.7947017,672811080.0,105.0,36.0,1.0,2.0,1.0,0.0
 Bogor Timur,Kota Bogor,-6.6096958,106.8148879,550000000.0,132.0,45.0,1.0,2.0,1.0,4.0
Bojonggede,Kabupaten Bogor,-6.4960615,106.7947017,672811080.0,105.0,36.0,1.0,2.0,1.0,0.0
Cisarua,Kabupaten Bogor,-6.679948899999999,106.9322873,900000000.0,360.0,50.0,1.0,2.0,1.0,0.0
Cibinong,Kabupaten Bogor,-6.4901067,106.8306951,656000000.0,76.0,36.0,1.0,2.0,1.0,0.0
Cibinong,Kabupaten Bogor,-6.4901067,106.8306951,656000000.0,76.0,36.0,1.0,2.0,1.0,0.0
Cibinong,Kabupaten Bogor,-6.4901067,106.8306951,656000000.0,76.0,36.0,1.0,2.0,1.0,0.0
Cibinong,Kabupaten Bogor,-6.4901067,106.8306951,450000000.0,224.0,100.0,1.0,2.0,1.0,1.0
Cibinong,Kabupaten Bogor,-6.4901067,106.8306951,656000000.0,76.0,36.0,1.0,2.0,1.0,0.0
Cibinong,Kabupaten Bogor,-6.4901067,106.8306951,450000000.0,224.0,100.0,1.0,2.0,1.0,1.0
Cibinong,Kabupaten Bogor,-6.4901067,106.8306951,656000000.0,76.0,36.0,1.0,2.0,1.0,0.0
Cibinong,Kabupaten Bogor,-6.4901067,106.8306951,656000000.0,76.0,36.0,1.0,2.0,1.0,0.0
Bojonggede,Kabupaten Bogor,-6.4960615,106.7947017,545000000.0,83.0,36.0,1.0,2.0,1.0,0.0
Bojonggede,Kabupaten Bogor,-6.4960615,106.7947017,545000000.0,83.0,36.0,1.0,2.0,1.0,0.0
Bojonggede,Kabupaten Bogor,-6.4960615,106.7947017,545000000.0,83.0,36.0,1.0,2.0,1.0,0.0
Bogor Barat,Kota Bogor,-6.563991,106.7633625,775000000.0,96.0,54.0,1.0,2.0,1.0,1.0
Bogor Barat,Kota Bogor,-6.563991,106.7633625,775000000.0,96.0,54.0,1.0,2.0,1.0,1.0
Cibinong,Kabupaten Bogor,-6.4901067,106.8306951,656000000.0,76.0,36.0,1.0,2.0,1.0,0.0
Ranca Bungur,Kabupaten Bogor,-6.5379916,106.7312575,590000000.0,102.0,33.0,1.0,2.0,1.0,1.0
Ranca Bungur,Kabupaten Bogor,-6.5379916,106.7312575,590000000.0,102.0,33.0,1.0,2.0,1.0,1.0
Cibinong,Kabupaten Bogor,-6.4901067,106.8306951,656000000.0,76.0,36.0,1.0,2.0,1.0,0.0
Cibinong,Kabupaten Bogor,-6.4901067,106.8306951,656000000.0,76.0,36.0,1.0,2.0,1.0,0.0
Bojonggede,Kabupaten Bogor,-6.4960615,106.7947017,480000000.0,66.0,36.0,1.0,2.0,1.0,1.0
Bojonggede,Kabupaten Bogor,-6.4960615,106.7947017,545000000.0,83.0,36.0,1.0,2.0,1.0,0.0
Bojonggede,Kabupaten Bogor,-6.4960615,106.7947017,545000000.0,83.0,36.0,1.0,2.0,1.0,0.0
Bojonggede,Kabupaten Bogor,-6.4960615,106.7947017,545000000.0,83.0,36.0,1.0,2.0,1.0,0.0
 Tajur Halang,Kabupaten Bogor,-6.473501499999999,106.7711638,545000000.0,83.0,36.0,1.0,2.0,1.0,0.0
 Tajur Halang,Kabupaten Bogor,-6.473501499999999,106.7711638,545000000.0,83.0,36.0,1.0,2.0,1.0,0.0
Ciampea,Kabupaten Bogor,-6.5549421,106.6961626,220000000.0,60.0,45.0,1.0,2.0,1.0,1.0
Cibinong,Kabupaten Bogor,-6.4901067,106.8306951,728900000.0,106.0,36.0,1.0,2.0,1.0,0.0
Ciampea,Kabupaten Bogor,-6.5549421,106.6961626,220000000.0,60.0,45.0,1.0,2.0,1.0,1.0
Cibinong,Kabupaten Bogor,-6.4901067,106.8306951,728900000.0,106.0,36.0,1.0,2.0,1.0,0.0
 Bogor Timur,Kota Bogor,-6.628006600000001,106.8244749,1350000000.0,120.0,224.0,1.0,3.0,2.0,2.0
Cibinong,Kabupaten Bogor,-6.4901067,106.8306951,656000000.0,76.0,36.0,1.0,2.0,1.0,0.0
Cibinong,Kabupaten Bogor,-6.4901067,106.8306951,656000000.0,76.0,36.0,1.0,2.0,1.0,0.0
Gunung Sindur,Kabupaten Bogor,-6.3847562,106.6804186,700000000.0,60.0,33.0,1.0,2.0,1.0,1.0
Cibinong,Kabupaten Bogor,-6.4901067,106.8306951,656000000.0,76.0,36.0,1.0,2.0,1.0,0.0
Cibinong,Kabupaten Bogor,-6.4901067,106.8306951,656000000.0,76.0,36.0,1.0,2.0,1.0,0.0
Citeureup,Kabupaten Bogor,-6.4881955,106.8814798,560000000.0,75.0,40.0,1.0,2.0,1.0,1.0
Cibinong,Kabupaten Bogor,-6.4901067,106.8306951,656000000.0,76.0,36.0,1.0,2.0,1.0,0.0
Cibinong,Kabupaten Bogor,-6.4901067,106.8306951,656000000.0,76.0,36.0,1.0,2.0,1.0,0.0
Cibinong,Kabupaten Bogor,-6.4901067,106.8306951,460000000.0,75.0,65.0,1.0,2.0,1.0,1.0
Cibinong,Kabupaten Bogor,-6.4901067,106.8306951,656000000.0,76.0,36.0,1.0,2.0,1.0,0.0
Cibinong,Kabupaten Bogor,-6.4901067,106.8306951,460000000.0,75.0,65.0,1.0,2.0,1.0,1.0
Ciawi,Kabupaten Bogor,-6.663033899999999,106.8562067,1200000000.0,120.0,150.0,1.0,10.0,10.0,0.0
Jonggol,Kabupaten Bogor,-6.4597469,107.0422961,650000000.0,120.0,39.0,1.0,2.0,1.0,2.0
Cibinong,Kabupaten Bogor,-6.4901067,106.8306951,656000000.0,76.0,36.0,1.0,2.0,1.0,0.0
Cibinong,Kabupaten Bogor,-6.4901067,106.8306951,656000000.0,76.0,36.0,1.0,2.0,1.0,0.0
Cibinong,Kabupaten Bogor,-6.4901067,106.8306951,656000000.0,76.0,36.0,1.0,2.0,1.0,0.0
Ciampea,Kabupaten Bogor,-6.5549421,106.6961626,2500000000.0,580.0,599.0,2.0,5.0,3.0,1.0
Ciampea,Kabupaten Bogor,-6.5549421,106.6961626,2500000000.0,580.0,600.0,2.0,5.0,3.0,1.0
Babakan Madang,Kabupaten Bogor,-6.5636316,106.8639566,1800000000.0,215.0,140.0,1.0,4.0,2.0,1.0
Babakan Madang,Kabupaten Bogor,-6.5636316,106.8639566,1800000000.0,215.0,140.0,1.0,4.0,2.0,1.0
Tajur Halang,Kabupaten Bogor,-6.4551607,106.7501884,299000000.0,72.0,41.0,1.0,2.0,1.0,1.0
Tajur Halang,Kabupaten Bogor,-6.4551607,106.7501884,299000000.0,72.0,41.0,1.0,2.0,1.0,1.0
Tajur Halang,Kabupaten Bogor,-6.4551607,106.7501884,658000000.0,60.0,65.0,2.0,3.0,2.0,1.0
Bogor Timur,Kota Bogor,-6.617944400000001,106.820343,980000000.0,110.0,184.0,2.0,4.0,2.0,1.0
Sukaraja,Kabupaten Bogor,-6.5261691,106.8002889,599000000.0,72.0,55.0,2.0,3.0,2.0,2.0
Babakan Madang,Kabupaten Bogor,-6.5636316,106.8639566,850000000.0,60.0,38.0,1.0,2.0,1.0,1.0
Bojonggede,Kabupaten Bogor,-6.4960615,106.7947017,385000000.0,60.0,33.0,1.0,2.0,1.0,1.0
Ciawi,Kabupaten Bogor,-6.663033899999999,106.8562067,1700000000.0,90.0,88.0,2.0,2.0,2.0,1.0
Bojonggede,Kabupaten Bogor,-6.4960615,106.7947017,385000000.0,60.0,33.0,1.0,2.0,1.0,1.0
Citeureup,Kabupaten Bogor,-6.485174499999999,106.8726814,250000000.0,120.0,100.0,1.0,2.0,1.0,1.0
Babakan Madang,Kabupaten Bogor,-6.5636316,106.8639566,1000000000.0,72.0,45.0,1.0,2.0,1.0,1.0
Ciampea,Kabupaten Bogor,-6.5549421,106.6961626,220000000.0,60.0,45.0,1.0,2.0,1.0,1.0
Gunung Sindur,Kabupaten Bogor,-6.3847562,106.6804186,7000000000.0,240.0,250.0,2.0,5.0,3.0,0.0
Gunung Putri,Kabupaten Bogor,-6.4288646,106.9240554,2800000000.0,200.0,298.0,2.0,4.0,1.0,2.0
Bojonggede,Kabupaten Bogor,-6.4960615,106.7947017,400000000.0,85.0,45.0,1.0,2.0,1.0,1.0
Jonggol,Kabupaten Bogor,-6.4597469,107.0422961,390000000.0,90.0,60.0,1.0,2.0,1.0,1.0
Jonggol,Kabupaten Bogor,-6.4597469,107.0422961,310000000.0,90.0,60.0,1.0,2.0,2.0,1.0
 Babakan Madang,Kabupaten Bogor,-6.5211331,106.8502879,2600000000.0,315.0,180.0,2.0,3.0,3.0,2.0
Cibinong,Kabupaten Bogor,-6.4901067,106.8306951,880000000.0,70.0,88.0,2.0,3.0,2.0,1.0
Bogor Selatan,Kota Bogor,-6.6323703,106.8075977,1700000000.0,126.0,100.0,2.0,2.0,2.0,1.0
Gunung Putri,Kabupaten Bogor,-6.4288646,106.9240554,999000000.0,104.0,90.0,2.0,3.0,2.0,2.0
Cibinong,Kabupaten Bogor,-6.4901067,106.8306951,385000000.0,45.0,65.0,2.0,3.0,2.0,1.0
Bogor Barat,Kota Bogor,-6.563991,106.7633625,5800000000.0,800.0,400.0,2.0,3.0,2.0,0.0
Gunung Putri,Kabupaten Bogor,-6.4288646,106.9240554,999000000.0,104.0,90.0,2.0,3.0,2.0,2.0
 Tajurhalang,Kabupaten Bogor,-6.4696108,106.7628396,551100000.0,115.0,36.0,1.0,2.0,1.0,2.0
Cileungsi,Kabupaten Bogor,-6.402271799999999,106.9704941,690000000.0,60.0,55.0,2.0,3.0,2.0,1.0
 Tajurhalang,Kabupaten Bogor,-6.4877234,106.7722898,70000000.0,72.0,39.0,1.0,2.0,1.0,1.0
Gunung Putri,Kabupaten Bogor,-6.4288646,106.9240554,3000000000.0,180.0,150.0,2.0,3.0,3.0,1.0
Cibinong,Kabupaten Bogor,-6.4901067,106.8306951,495000000.0,72.0,60.0,1.0,2.0,1.0,1.0
Gunung Putri,Kabupaten Bogor,-6.4288646,106.9240554,2000000000.0,128.0,100.0,2.0,3.0,2.0,2.0
Cileungsi,Kabupaten Bogor,-6.402271799999999,106.9704941,560000000.0,72.0,38.0,1.0,2.0,1.0,1.0
Rumpin,Kabupaten Bogor,-6.4576306,106.6464973,423000000.0,66.0,40.0,1.0,2.0,1.0,2.0
Bojonggede,Kabupaten Bogor,-6.4960615,106.7947017,150000000.0,106.0,45.0,1.0,2.0,1.0,1.0
Ciawi,Kabupaten Bogor,-6.663033899999999,106.8562067,9000000000.0,650.0,400.0,2.0,6.0,6.0,3.0
Gunung Putri,Kabupaten Bogor,-6.4288646,106.9240554,2375000000.0,180.0,150.0,2.0,3.0,3.0,2.0
Gunung Putri,Kabupaten Bogor,-6.4288646,106.9240554,1800000000.0,160.0,220.0,2.0,4.0,5.0,3.0
Ciawi,Kabupaten Bogor,-6.663033899999999,106.8562067,2500000000.0,120.0,145.0,2.0,2.0,2.0,2.0
Gunung Putri,Kabupaten Bogor,-6.4288646,106.9240554,599999000.0,84.0,40.0,1.0,2.0,1.0,1.0
Cileungsi,Kabupaten Bogor,-6.402271799999999,106.9704941,284500000.0,47.0,30.0,1.0,2.0,1.0,1.0
Ciawi,Kabupaten Bogor,-6.663033899999999,106.8562067,1700000000.0,325.0,500.0,2.0,10.0,10.0,0.0
Dramaga,Kabupaten Bogor,-6.577668999999999,106.7319218,1000000000.0,282.0,200.0,1.0,4.0,3.0,0.0
Ciawi,Kabupaten Bogor,-6.663033899999999,106.8562067,250000000.0,52.0,100.0,2.0,2.0,2.0,1.0
Rumpin,Kabupaten Bogor,-6.4576306,106.6464973,390300000.0,60.0,35.0,1.0,2.0,1.0,2.0
Rumpin,Kabupaten Bogor,-6.4576306,106.6464973,390300000.0,60.0,35.0,1.0,2.0,1.0,2.0
Rumpin,Kabupaten Bogor,-6.4576306,106.6464973,390300000.0,60.0,35.0,1.0,2.0,1.0,2.0
Rumpin,Kabupaten Bogor,-6.4576306,106.6464973,390300000.0,60.0,35.0,1.0,2.0,1.0,2.0
Rumpin,Kabupaten Bogor,-6.4576306,106.6464973,400000000.0,70.0,45.0,1.0,2.0,1.0,1.0
 Bojonggede,Kabupaten Bogor,-6.4966819,106.7984294,645000000.0,108.0,108.0,1.0,2.0,1.0,1.0
Parung Panjang,Kabupaten Bogor,-6.3681068,106.5533873,181000000.0,60.0,25.0,1.0,2.0,1.0,1.0
 Rumpin,Kabupaten Bogor,-6.3698096,106.6378669,515000000.0,50.0,55.0,2.0,3.0,2.0,1.0
Bogor Timur,Kota Bogor,-6.617944400000001,106.820343,980000000.0,110.0,184.0,2.0,4.0,2.0,1.0
 Rumpin,Kabupaten Bogor,-6.3698096,106.6378669,515000000.0,50.0,55.0,2.0,3.0,2.0,1.0
 Rumpin,Kabupaten Bogor,-6.3698096,106.6378669,515000000.0,50.0,55.0,2.0,3.0,2.0,1.0
 Rumpin,Kabupaten Bogor,-6.3698096,106.6378669,515000000.0,50.0,55.0,1.0,3.0,2.0,1.0
Parung Panjang,Kabupaten Bogor,-6.3681068,106.5533873,499750000.0,60.0,30.0,1.0,2.0,1.0,1.0
Gunung Putri,Kabupaten Bogor,-6.4288646,106.9240554,2614556276.0,120.0,114.0,2.0,3.0,2.0,1.0
Tenjo,Kabupaten Bogor,-6.3275839,106.4617439,350000000.0,60.0,25.0,1.0,2.0,1.0,1.0
 Gunung Putri,Kabupaten Bogor,-6.403049299999999,106.9299579,550000000.0,70.0,36.0,1.0,2.0,1.0,1.0
 Gunung Putri,Kabupaten Bogor,-6.403049299999999,106.9299579,981000000.0,125.0,84.0,1.0,2.0,1.0,2.0
 Gunung Putri,Kabupaten Bogor,-6.403049299999999,106.9299579,661000000.0,84.0,40.0,1.0,2.0,1.0,1.0
Tajur Halang,Kabupaten Bogor,-6.4551607,106.7501884,397000000.0,72.0,36.0,1.0,2.0,1.0,1.0
Parung,Kabupaten Bogor,-6.427080399999999,106.7244846,932741250.0,60.0,58.0,2.0,2.0,2.0,1.0
 Gunung Putri,Kabupaten Bogor,-6.403049299999999,106.9299579,580000000.0,70.0,36.0,1.0,2.0,1.0,1.0
Tajur Halang,Kabupaten Bogor,-6.4551607,106.7501884,484000000.0,72.0,36.0,1.0,2.0,1.0,1.0
Bogor Timur,Kota Bogor,-6.617944400000001,106.820343,480000000.0,68.0,136.0,2.0,3.0,2.0,1.0
Bogor Barat,Kota Bogor,-6.563991,106.7633625,550000000.0,90.0,89.0,1.0,2.0,1.0,1.0
Bogor Barat,Kota Bogor,-6.563991,106.7633625,550000000.0,90.0,90.0,1.0,2.0,1.0,1.0
 Kemang,Kabupaten Bogor,-6.5408947,106.7603239,660000000.0,72.0,47.0,1.0,2.0,1.0,1.0
Gunung Sindur,Kabupaten Bogor,-6.3847562,106.6804186,1071000000.0,65.0,55.0,2.0,3.0,2.0,1.0
Gunung Sindur,Kabupaten Bogor,-6.3847562,106.6804186,816900000.0,60.0,32.0,1.0,2.0,1.0,1.0
 Cibinong,Kabupaten Bogor,-6.4966731,106.8148879,350000000.0,60.0,30.0,1.0,2.0,1.0,1.0
Rumpin,Kabupaten Bogor,-6.4576306,106.6464973,423000000.0,66.0,40.0,1.0,2.0,1.0,2.0
Rumpin,Kabupaten Bogor,-6.4576306,106.6464973,379000000.0,66.0,40.0,1.0,2.0,1.0,2.0
Rumpin,Kabupaten Bogor,-6.4576306,106.6464973,423000000.0,66.0,40.0,1.0,2.0,1.0,2.0
Rumpin,Kabupaten Bogor,-6.4576306,106.6464973,379000000.0,60.0,35.0,1.0,2.0,1.0,2.0
Rumpin,Kabupaten Bogor,-6.4576306,106.6464973,423000000.0,66.0,40.0,1.0,2.0,1.0,2.0
Rumpin,Kabupaten Bogor,-6.4576306,106.6464973,379000000.0,60.0,35.0,1.0,2.0,1.0,2.0
Rumpin,Kabupaten Bogor,-6.4576306,106.6464973,423000000.0,66.0,40.0,1.0,2.0,1.0,2.0
Rumpin,Kabupaten Bogor,-6.4576306,106.6464973,379000000.0,60.0,35.0,1.0,2.0,1.0,2.0
Rumpin,Kabupaten Bogor,-6.4576306,106.6464973,423000000.0,66.0,40.0,1.0,2.0,1.0,2.0
Rumpin,Kabupaten Bogor,-6.4576306,106.6464973,379000000.0,60.0,35.0,1.0,2.0,1.0,2.0
 Babakan Madang,Kabupaten Bogor,-6.5211331,106.8502879,950000000.0,70.0,50.0,1.0,2.0,1.0,1.0
Gunung Putri,Kabupaten Bogor,-6.4288646,106.9240554,690000000.0,72.0,144.0,2.0,4.0,1.0,1.0
 Babakan Madang,Kabupaten Bogor,-6.5211331,106.8502879,950000000.0,108.0,49.0,1.0,2.0,1.0,1.0
Ciawi,Kabupaten Bogor,-6.663033899999999,106.8562067,999999999.0,164.0,120.0,1.0,3.0,2.0,2.0
Cibungbulang,Kabupaten Bogor,-6.5749662,106.6606641,443000000.0,90.0,36.0,1.0,2.0,1.0,1.0
 Babakan Madang,Kabupaten Bogor,-6.5211331,106.8502879,3800000000.0,181.0,176.0,2.0,4.0,4.0,1.0
 Babakan Madang,Kabupaten Bogor,-6.5211331,106.8502879,3500000000.0,278.0,195.0,1.0,5.0,4.0,2.0
Bogor Timur,Kota Bogor,-6.617944400000001,106.820343,975000000.0,128.0,150.0,2.0,4.0,3.0,1.0
Bogor Timur,Kota Bogor,-6.617944400000001,106.820343,975000000.0,128.0,150.0,2.0,4.0,3.0,1.0
Gunung Putri,Kabupaten Bogor,-6.4288646,106.9240554,1500000000.0,123.0,180.0,2.0,4.0,2.0,2.0
Parung,Kabupaten Bogor,-6.427080399999999,106.7244846,874936125.0,72.0,47.0,1.0,2.0,1.0,2.0
Dramaga,Kabupaten Bogor,-6.577668999999999,106.7319218,566500000.0,84.0,45.0,1.0,2.0,1.0,1.0
Parung Panjang,Kabupaten Bogor,-6.3681068,106.5533873,488932800.0,72.0,39.0,1.0,2.0,1.0,1.0
Parung Panjang,Kabupaten Bogor,-6.3681068,106.5533873,701760000.0,68.0,55.0,2.0,2.0,1.0,1.0
Parung Panjang,Kabupaten Bogor,-6.3681068,106.5533873,499750000.0,60.0,30.0,1.0,2.0,1.0,1.0
Parung Panjang,Kabupaten Bogor,-6.3681068,106.5533873,312500000.0,79.0,28.0,1.0,2.0,1.0,1.0
Cibinong,Kabupaten Bogor,-6.4901067,106.8306951,783191000.0,60.0,65.0,2.0,2.0,2.0,1.0
Bojonggede,Kabupaten Bogor,-6.4960615,106.7947017,650000000.0,60.0,110.0,2.0,3.0,2.0,1.0
Cibinong,Kabupaten Bogor,-6.4901067,106.8306951,783191000.0,60.0,65.0,2.0,2.0,2.0,1.0
Cibinong,Kabupaten Bogor,-6.4901067,106.8306951,683000000.0,88.0,36.0,1.0,2.0,1.0,1.0
Megamendung,Kabupaten Bogor,-6.6509623,106.9057427,500000000.0,320.0,160.0,1.0,3.0,2.0,1.0
Jonggol,Kabupaten Bogor,-6.4597469,107.0422961,395000000.0,72.0,60.0,1.0,3.0,2.0,1.0
Cibinong,Kabupaten Bogor,-6.4901067,106.8306951,683000000.0,88.0,36.0,1.0,2.0,1.0,1.0
 Tajur Halang,Kabupaten Bogor,-6.4713484,106.7802858,100000000.0,60.0,36.0,1.0,2.0,1.0,1.0
 Bogor Utara,Kota Bogor,-6.587388199999999,106.8281623,497000000.0,90.0,36.0,1.0,2.0,1.0,1.0
 Bogor Selatan,Kota Bogor,-6.6312981,106.8222625,497000000.0,89.0,35.0,1.0,2.0,1.0,1.0
Ciampea,Kabupaten Bogor,-6.5549421,106.6961626,249000000.0,78.0,36.0,1.0,2.0,1.0,1.0
Ciomas,Kabupaten Bogor,-6.6019425,106.7656825,522000000.0,110.0,38.0,1.0,2.0,1.0,1.0
Cibinong,Kabupaten Bogor,-6.4901067,106.8306951,200000000.0,50.0,37.0,1.0,2.0,1.0,1.0
Tajur Halang,Kabupaten Bogor,-6.4551607,106.7501884,55000000.0,72.0,45.0,1.0,2.0,1.0,1.0
 Gunung Putri,Kabupaten Bogor,-6.403049299999999,106.9299579,600000000.0,84.0,40.0,1.0,2.0,1.0,1.0
Bogor Utara,Kota Bogor,-6.5689517,106.8090297,1500000000.0,99.0,120.0,2.0,3.0,4.0,1.0
Bogor Selatan,Kota Bogor,-6.6323703,106.8075977,1300000000.0,95.0,160.0,3.0,3.0,2.0,1.0
Bogor Barat,Kota Bogor,-6.563991,106.7633625,895000000.0,72.0,68.0,2.0,3.0,2.0,2.0
 Bogor Utara,Kota Bogor,-6.587388199999999,106.8281623,3500000000.0,307.0,158.0,2.0,3.0,2.0,1.0
Gunung Putri,Kabupaten Bogor,-6.4288646,106.9240554,550000000.0,70.0,36.0,1.0,2.0,1.0,1.0
 Gunung Putri,Kabupaten Bogor,-6.403049299999999,106.9299579,981000000.0,125.0,48.0,1.0,2.0,1.0,1.0
 Gunung Putri,Kabupaten Bogor,-6.403049299999999,106.9299579,661000000.0,84.0,40.0,1.0,2.0,1.0,1.0
Gunung Putri,Kabupaten Bogor,-6.4288646,106.9240554,580000000.0,70.0,36.0,1.0,2.0,1.0,1.0
Cibinong,Kabupaten Bogor,-6.4901067,106.8306951,300000000.0,67.0,40.0,1.0,2.0,1.0,2.0
 Sukaraja,Kabupaten Bogor,-6.5932534,106.8443875,497000000.0,90.0,35.0,1.0,2.0,1.0,1.0
Cileungsi,Kabupaten Bogor,-6.402271799999999,106.9704941,1800000000.0,128.0,154.0,2.0,3.0,2.0,1.0
Cileungsi,Kabupaten Bogor,-6.402271799999999,106.9704941,1800000000.0,128.0,154.0,2.0,3.0,2.0,1.0
 Jonggol,Kabupaten Bogor,-6.5134022,107.0007987,497000000.0,90.0,36.0,1.0,2.0,1.0,1.0
Parung,Kabupaten Bogor,-6.427080399999999,106.7244846,1367604000.0,105.0,88.0,2.0,3.0,2.0,2.0
Bojonggede,Kabupaten Bogor,-6.4960615,106.7947017,175000000.0,42.0,40.0,1.0,2.0,1.0,0.0
 Bogor Timur,Kota Bogor,-6.6096958,106.8148879,497000000.0,90.0,35.0,1.0,2.0,1.0,1.0
 Jonggol,Kabupaten Bogor,-6.5134022,107.0007987,497000000.0,90.0,36.0,1.0,2.0,1.0,1.0
 Cibinong,Kabupaten Bogor,-6.4544294,106.8502879,497000000.0,90.0,36.0,1.0,2.0,1.0,1.0
Parung,Kabupaten Bogor,-6.427080399999999,106.7244846,995000000.0,60.0,55.0,2.0,3.0,2.0,1.0
Bogor Timur,Kota Bogor,-6.617944400000001,106.820343,900000000.0,160.0,80.0,2.0,3.0,2.0,0.0
Ciawi,Kabupaten Bogor,-6.663033899999999,106.8562067,9000000000.0,650.0,400.0,2.0,6.0,6.0,0.0
Gunung Putri,Kabupaten Bogor,-6.4288646,106.9240554,675000000.0,72.0,60.0,2.0,2.0,2.0,1.0
Bogor Timur,Kota Bogor,-6.617944400000001,106.820343,900000000.0,160.0,80.0,2.0,3.0,2.0,0.0
Ciawi,Kabupaten Bogor,-6.663033899999999,106.8562067,9000000000.0,650.0,400.0,2.0,6.0,6.0,0.0
Gunung Putri,Kabupaten Bogor,-6.4288646,106.9240554,675000000.0,72.0,60.0,2.0,2.0,2.0,1.0
Dramaga,Kabupaten Bogor,-6.577668999999999,106.7319218,9100000000.0,440.0,1000.0,3.0,10.0,10.0,1.0
Dramaga,Kabupaten Bogor,-6.577668999999999,106.7319218,1230000000.0,60.0,93.0,2.0,7.0,7.0,1.0
Dramaga,Kabupaten Bogor,-6.577668999999999,106.7319218,1500000000.0,77.0,120.0,2.0,10.0,10.0,1.0
Bogor Barat,Kota Bogor,-6.563991,106.7633625,952000000.0,45.0,72.0,2.0,4.0,4.0,1.0
Gunung Putri,Kabupaten Bogor,-6.4288646,106.9240554,2600000000.0,199.0,300.0,2.0,5.0,5.0,2.0
Dramaga,Kabupaten Bogor,-6.577668999999999,106.7319218,1800000000.0,104.0,148.0,2.0,9.0,9.0,1.0
Dramaga,Kabupaten Bogor,-6.577668999999999,106.7319218,880000000.0,54.0,81.0,2.0,6.0,6.0,1.0
Gunung Putri,Kabupaten Bogor,-6.4288646,106.9240554,5750000000.0,330.0,550.0,2.0,4.0,4.0,2.0
 Sukaraja,Kabupaten Bogor,-6.5932534,106.8443875,2600000.0,90.0,36.0,1.0,2.0,1.0,1.0
 Bogor Timur,Kota Bogor,-6.628006600000001,106.8244749,497000000.0,66.0,36.0,1.0,2.0,1.0,1.0
Citeureup,Kabupaten Bogor,-6.4881955,106.8814798,1150000000.0,100.0,100.0,1.0,3.0,3.0,1.0
Cibinong,Kabupaten Bogor,-6.4901067,106.8306951,980000000.0,120.0,150.0,1.0,4.0,3.0,1.0
Bogor Selatan,Kota Bogor,-6.6323703,106.8075977,379050000.0,72.0,36.0,1.0,2.0,1.0,1.0
Cibinong,Kabupaten Bogor,-6.4901067,106.8306951,759000000.0,60.0,66.0,2.0,3.0,2.0,2.0
Pamijahan,Kabupaten Bogor,-6.634759400000001,106.6796773,185000000.0,60.0,30.0,1.0,2.0,1.0,1.0
 Babakan Madang,Kabupaten Bogor,-6.5211331,106.8502879,800000000.0,60.0,40.0,1.0,2.0,2.0,1.0
Ciomas,Kabupaten Bogor,-6.6019425,106.7656825,795000000.0,60.0,55.0,2.0,3.0,2.0,1.0
 Bogor Selatan,Kota Bogor,-6.6710208,106.8266873,875000000.0,120.0,53.0,1.0,2.0,1.0,1.0
Bogor Timur,Kota Bogor,-6.617944400000001,106.820343,400000000.0,54.0,54.0,1.0,2.0,1.0,0.0
Tajur Halang,Kabupaten Bogor,-6.4758182,106.7578498,326000000.0,66.0,36.0,1.0,2.0,1.0,1.0
Tajur Halang,Kabupaten Bogor,-6.4758182,106.7578498,300000000.0,66.0,36.0,1.0,2.0,1.0,1.0
Cibinong,Kabupaten Bogor,-6.4901067,106.8306951,560000000.0,75.0,150.0,2.0,4.0,2.0,2.0
 Ciomas,Kabupaten Bogor,-6.596503999999999,106.7500025,497000000.0,90.0,36.0,1.0,2.0,1.0,1.0
Tajur Halang,Kabupaten Bogor,-6.4551607,106.7501884,569000000.0,67.0,36.0,1.0,2.0,1.0,1.0
 Sukaraja,Kabupaten Bogor,-6.5932534,106.8443875,497000000.0,90.0,36.0,1.0,2.0,1.0,1.0
Bogor Barat,Kota Bogor,-6.563991,106.7633625,855000000.0,60.0,50.0,2.0,3.0,3.0,1.0
Jonggol,Kabupaten Bogor,-6.4597469,107.0422961,670000000.0,118.0,100.0,1.0,3.0,2.0,2.0
Cileungsi,Kabupaten Bogor,-6.402271799999999,106.9704941,862000000.0,94.0,54.0,2.0,2.0,2.0,1.0
Ciampea,Kabupaten Bogor,-6.5549421,106.6961626,249000000.0,78.0,36.0,1.0,2.0,1.0,1.0
Tajur Halang,Kabupaten Bogor,-6.4551607,106.7501884,518000000.0,162.0,36.0,1.0,2.0,1.0,2.0
Jonggol,Kabupaten Bogor,-6.4597469,107.0422961,750000000.0,90.0,60.0,1.0,2.0,2.0,1.0
Rumpin,Kabupaten Bogor,-6.4576306,106.6464973,390300000.0,60.0,35.0,1.0,2.0,1.0,2.0
Rumpin,Kabupaten Bogor,-6.4576306,106.6464973,390300000.0,60.0,35.0,1.0,2.0,1.0,2.0
Rumpin,Kabupaten Bogor,-6.4576306,106.6464973,390300000.0,60.0,35.0,1.0,2.0,1.0,2.0
Rumpin,Kabupaten Bogor,-6.4576306,106.6464973,390300000.0,60.0,35.0,1.0,2.0,1.0,2.0
Rumpin,Kabupaten Bogor,-6.4576306,106.6464973,390300000.0,60.0,35.0,1.0,2.0,1.0,2.0
Rumpin,Kabupaten Bogor,-6.4576306,106.6464973,390300000.0,60.0,35.0,1.0,2.0,1.0,2.0
Rumpin,Kabupaten Bogor,-6.4576306,106.6464973,390300000.0,60.0,35.0,1.0,2.0,1.0,2.0
Rumpin,Kabupaten Bogor,-6.4576306,106.6464973,390300000.0,60.0,35.0,1.0,2.0,1.0,2.0
Rumpin,Kabupaten Bogor,-6.4576306,106.6464973,390300000.0,60.0,35.0,1.0,2.0,1.0,2.0
Rumpin,Kabupaten Bogor,-6.4576306,106.6464973,390300000.0,60.0,35.0,1.0,2.0,1.0,2.0
Rumpin,Kabupaten Bogor,-6.4576306,106.6464973,390300000.0,60.0,35.0,1.0,2.0,1.0,2.0
Rumpin,Kabupaten Bogor,-6.4576306,106.6464973,390300000.0,60.0,35.0,1.0,2.0,1.0,2.0
Rumpin,Kabupaten Bogor,-6.4576306,106.6464973,390300000.0,60.0,35.0,1.0,2.0,1.0,2.0
Rumpin,Kabupaten Bogor,-6.4576306,106.6464973,390300000.0,60.0,35.0,1.0,2.0,1.0,2.0
 Bojonggede,Kabupaten Bogor,-6.4966819,106.7984294,645000000.0,108.0,108.0,1.0,2.0,1.0,1.0
Parung Panjang,Kabupaten Bogor,-6.3681068,106.5533873,181000000.0,60.0,25.0,1.0,2.0,1.0,1.0
 Rumpin,Kabupaten Bogor,-6.3698096,106.6378669,515000000.0,50.0,55.0,2.0,3.0,2.0,1.0
 Rumpin,Kabupaten Bogor,-6.3698096,106.6378669,515000000.0,50.0,55.0,2.0,3.0,2.0,1.0
 Rumpin,Kabupaten Bogor,-6.3698096,106.6378669,515000000.0,50.0,55.0,2.0,3.0,2.0,1.0
 Rumpin,Kabupaten Bogor,-6.3698096,106.6378669,515000000.0,50.0,55.0,1.0,3.0,2.0,1.0
 Bogor Utara,Kota Bogor,-6.587388199999999,106.8281623,1350000001.0,144.0,180.0,2.0,3.0,2.0,2.0
Gunung Sindur,Kabupaten Bogor,-6.3847562,106.6804186,860000000.0,58.0,65.0,2.0,2.0,2.0,1.0
Bojonggede,Kabupaten Bogor,-6.4960615,106.7947017,3200000000.0,1740.0,200.0,2.0,4.0,2.0,2.0
Cibinong,Kabupaten Bogor,-6.4901067,106.8306951,679600000.0,80.0,36.0,1.0,2.0,1.0,1.0
Cibinong,Kabupaten Bogor,-6.4901067,106.8306951,679600000.0,80.0,36.0,1.0,2.0,1.0,1.0
Bojonggede,Kabupaten Bogor,-6.4960615,106.7947017,583190000.0,70.0,36.0,1.0,2.0,1.0,1.0
Bojonggede,Kabupaten Bogor,-6.4960615,106.7947017,583190000.0,70.0,36.0,1.0,2.0,1.0,1.0
Cibinong,Kabupaten Bogor,-6.4901067,106.8306951,783191000.0,60.0,65.0,2.0,2.0,2.0,1.0
Cibinong,Kabupaten Bogor,-6.4901067,106.8306951,783191000.0,60.0,65.0,2.0,2.0,2.0,1.0
Cibinong,Kabupaten Bogor,-6.4901067,106.8306951,759000000.0,60.0,66.0,2.0,3.0,2.0,1.0
Bojonggede,Kabupaten Bogor,-6.4960615,106.7947017,672811080.0,105.0,36.0,1.0,2.0,1.0,1.0
Bojonggede,Kabupaten Bogor,-6.4960615,106.7947017,672811080.0,105.0,36.0,1.0,2.0,1.0,1.0
Cibinong,Kabupaten Bogor,-6.4901067,106.8306951,683000000.0,88.0,36.0,1.0,2.0,1.0,1.0
Cibinong,Kabupaten Bogor,-6.4901067,106.8306951,683000000.0,88.0,36.0,1.0,2.0,1.0,1.0
Bojonggede,Kabupaten Bogor,-6.4960615,106.7947017,3200000000.0,1740.0,200.0,2.0,4.0,2.0,2.0
Bogor Utara,Kota Bogor,-6.5689517,106.8090297,1000000000.0,128.0,200.0,2.0,3.0,2.0,1.0
Sukaraja,Kabupaten Bogor,-6.5261691,106.8002889,1129800000.0,72.0,55.0,2.0,3.0,2.0,2.0
Tajur Halang,Kabupaten Bogor,-6.4551607,106.7501884,300000000.0,60.0,29.0,1.0,2.0,1.0,0.0
Rumpin,Kabupaten Bogor,-6.4576306,106.6464973,390300000.0,60.0,35.0,1.0,2.0,1.0,1.0
Cibinong,Kabupaten Bogor,-6.4901067,106.8306951,699000007.0,90.0,65.0,1.0,2.0,1.0,1.0
 Bogor Timur,Kota Bogor,-6.6096958,106.8148879,900000000.0,118.0,100.0,1.0,3.0,2.0,1.0
Cibinong,Kabupaten Bogor,-6.4901067,106.8306951,400000000.0,142.0,143.0,1.0,3.0,2.0,0.0
Rumpin,Kabupaten Bogor,-6.4576306,106.6464973,390300000.0,60.0,35.0,1.0,2.0,1.0,1.0
Rumpin,Kabupaten Bogor,-6.4576306,106.6464973,390300000.0,60.0,35.0,1.0,2.0,1.0,1.0
Rumpin,Kabupaten Bogor,-6.4576306,106.6464973,390300000.0,60.0,35.0,1.0,2.0,1.0,1.0
Rumpin,Kabupaten Bogor,-6.4576306,106.6464973,390300000.0,60.0,35.0,1.0,2.0,1.0,1.0
Rumpin,Kabupaten Bogor,-6.4576306,106.6464973,390300000.0,60.0,35.0,1.0,2.0,1.0,1.0
Rumpin,Kabupaten Bogor,-6.4576306,106.6464973,390300000.0,60.0,35.0,1.0,2.0,1.0,1.0
Rumpin,Kabupaten Bogor,-6.4576306,106.6464973,390300000.0,60.0,35.0,1.0,2.0,1.0,1.0
Rumpin,Kabupaten Bogor,-6.4576306,106.6464973,390300000.0,60.0,35.0,1.0,2.0,1.0,1.0
Rumpin,Kabupaten Bogor,-6.4576306,106.6464973,393300000.0,35.0,60.0,1.0,2.0,1.0,1.0
Kemang,Kabupaten Bogor,-6.4857872,106.7362028,689400000.0,90.0,53.0,1.0,2.0,2.0,2.0
Kemang,Kabupaten Bogor,-6.4857872,106.7362028,979968000.0,90.0,88.0,2.0,3.0,3.0,2.0
Dramaga,Kabupaten Bogor,-6.577668999999999,106.7319218,880000000.0,54.0,81.0,2.0,6.0,6.0,2.0
Bogor Barat,Kota Bogor,-6.563991,106.7633625,830000000.0,72.0,72.0,2.0,3.0,2.0,1.0
Bogor Barat,Kota Bogor,-6.563991,106.7633625,855000000.0,50.0,60.0,2.0,3.0,3.0,1.0
 Gunung Putri,Kabupaten Bogor,-6.403049299999999,106.9299579,1100000000.0,84.0,95.0,2.0,3.0,3.0,1.0
 Gunung Putri,Kabupaten Bogor,-6.403049299999999,106.9299579,900000000.0,125.0,48.0,1.0,2.0,1.0,1.0
 Gunung Putri,Kabupaten Bogor,-6.403049299999999,106.9299579,600000000.0,84.0,40.0,1.0,2.0,1.0,1.0
Dramaga,Kabupaten Bogor,-6.577668999999999,106.7319218,9100000000.0,440.0,1000.0,3.0,10.0,10.0,1.0
 Gunung Putri,Kabupaten Bogor,-6.403049299999999,106.9299579,500000000.0,70.0,36.0,1.0,2.0,1.0,1.0
 Gunung Putri,Kabupaten Bogor,-6.403049299999999,106.9299579,500000000.0,70.0,36.0,1.0,2.0,1.0,1.0
Parung Panjang,Kabupaten Bogor,-6.3681068,106.5533873,948190000.0,68.0,62.0,2.0,3.0,2.0,1.0
Parung Panjang,Kabupaten Bogor,-6.3681068,106.5533873,948190000.0,68.0,62.0,2.0,3.0,2.0,1.0
Parung Panjang,Kabupaten Bogor,-6.3681068,106.5533873,530100000.0,60.0,33.0,1.0,2.0,1.0,1.0
 Cibinong,Kabupaten Bogor,-6.5198749,106.8119382,757000000.0,66.0,66.0,2.0,3.0,2.0,1.0
Cileungsi,Kabupaten Bogor,-6.402271799999999,106.9704941,764500000.0,66.0,76.0,2.0,2.0,2.0,1.0
 Cibinong,Kabupaten Bogor,-6.4966731,106.8148879,771900000.0,74.0,60.0,2.0,2.0,2.0,1.0
Bogor Selatan,Kota Bogor,-6.6323703,106.8075977,379000000.0,72.0,36.0,1.0,2.0,1.0,1.0
Cibinong,Kabupaten Bogor,-6.4901067,106.8306951,699000005.0,90.0,60.0,1.0,2.0,1.0,1.0
 Rumpin,Kabupaten Bogor,-6.3698096,106.6378669,515000000.0,50.0,55.0,2.0,3.0,2.0,1.0
Citeureup,Kabupaten Bogor,-6.4881955,106.8814798,381000000.0,72.0,38.0,1.0,2.0,1.0,1.0
 Sukaraja,Kabupaten Bogor,-6.529414699999999,106.7957153,975000000.0,90.0,60.0,1.0,3.0,1.0,2.0
Bogor Barat,Kota Bogor,-6.563991,106.7633625,710000000.0,90.0,60.0,1.0,2.0,2.0,1.0
 Sukaraja,Kabupaten Bogor,-6.5266457,106.8016144,650000000.0,72.0,64.0,2.0,3.0,2.0,1.0
Gunung Putri,Kabupaten Bogor,-6.4288646,106.9240554,500000000.0,70.0,36.0,1.0,2.0,1.0,1.0
 Gunung Putri,Kabupaten Bogor,-6.403049299999999,106.9299579,500000000.0,70.0,36.0,1.0,2.0,1.0,1.0
Parung Panjang,Kabupaten Bogor,-6.3681068,106.5533873,900000000.0,117.0,52.0,2.0,2.0,2.0,1.0
Gunung Sindur,Kabupaten Bogor,-6.3847562,106.6804186,550000000.0,90.0,64.0,2.0,2.0,2.0,2.0
 Gunung Sindur,Kabupaten Bogor,-6.3643366,106.7050483,875000000.0,97.0,90.0,1.0,2.0,2.0,1.0
Dramaga,Kabupaten Bogor,-6.577668999999999,106.7319218,1230000000.0,60.0,93.0,2.0,7.0,7.0,2.0
Dramaga,Kabupaten Bogor,-6.577668999999999,106.7319218,1500000000.0,77.0,120.0,3.0,10.0,10.0,2.0
Bogor Barat,Kota Bogor,-6.563991,106.7633625,952000000.0,45.0,72.0,2.0,4.0,4.0,1.0
 Cibinong,Kabupaten Bogor,-6.5198749,106.8119382,599000000.0,72.0,48.0,2.0,3.0,2.0,2.0
Dramaga,Kabupaten Bogor,-6.577668999999999,106.7319218,1800000000.0,104.0,148.0,3.0,9.0,9.0,2.0
Bogor Barat,Kota Bogor,-6.563991,106.7633625,880000000.0,54.0,81.0,2.0,6.0,6.0,1.0
Gunung Sindur,Kabupaten Bogor,-6.3847562,106.6804186,860000000.0,58.0,65.0,1.0,2.0,1.0,1.0
Bogor Barat,Kota Bogor,-6.563991,106.7633625,830000000.0,72.0,72.0,1.0,3.0,2.0,1.0
Bogor Barat,Kota Bogor,-6.563991,106.7633625,855000000.0,60.0,50.0,2.0,3.0,3.0,1.0
Cileungsi,Kabupaten Bogor,-6.402271799999999,106.9704941,862000000.0,94.0,54.0,2.0,3.0,2.0,1.0
Gunung Putri,Kabupaten Bogor,-6.4288646,106.9240554,3000000000.0,1115.0,115.0,1.0,3.0,2.0,1.0
Citeureup,Kabupaten Bogor,-6.4881955,106.8814798,350000000.0,72.0,38.0,1.0,2.0,1.0,1.0
Tajur Halang,Kabupaten Bogor,-6.4551607,106.7501884,400000000.0,84.0,84.0,1.0,2.0,1.0,1.0
Cibinong,Kabupaten Bogor,-6.4901067,106.8306951,2200000000.0,118.0,160.0,1.0,5.0,3.0,1.0
Tajur Halang,Kabupaten Bogor,-6.4551607,106.7501884,400000000.0,84.0,84.0,1.0,2.0,1.0,1.0
Cibinong,Kabupaten Bogor,-6.4901067,106.8306951,699000000.0,90.0,60.0,1.0,2.0,1.0,1.0
Cibinong,Kabupaten Bogor,-6.4901067,106.8306951,757000000.0,66.0,66.0,2.0,3.0,2.0,1.0
 Gunung Putri,Kabupaten Bogor,-6.403049299999999,106.9299579,500000000.0,70.0,36.0,1.0,2.0,1.0,1.0
Rumpin,Kabupaten Bogor,-6.4576306,106.6464973,650000000.0,90.0,48.0,1.0,2.0,1.0,1.0
Cibinong,Kabupaten Bogor,-6.4901067,106.8306951,780300000.0,93.0,36.0,1.0,2.0,1.0,1.0
Cibinong,Kabupaten Bogor,-6.4901067,106.8306951,780300000.0,93.0,36.0,1.0,2.0,1.0,1.0
Parung Panjang,Kabupaten Bogor,-6.3681068,106.5533873,185000000.0,60.0,30.0,1.0,2.0,1.0,1.0
Cibinong,Kabupaten Bogor,-6.4901067,106.8306951,679600000.0,80.0,36.0,1.0,2.0,1.0,1.0
Cibinong,Kabupaten Bogor,-6.4901067,106.8306951,679600000.0,80.0,36.0,1.0,2.0,1.0,1.0
 Tajur Halang,Kabupaten Bogor,-6.473501499999999,106.7711638,583190000.0,70.0,36.0,1.0,2.0,1.0,1.0
Bojonggede,Kabupaten Bogor,-6.4960615,106.7947017,583190000.0,70.0,36.0,1.0,2.0,1.0,1.0
Cibinong,Kabupaten Bogor,-6.4901067,106.8306951,783191000.0,60.0,65.0,2.0,2.0,2.0,1.0
Bojonggede,Kabupaten Bogor,-6.4960615,106.7947017,672811080.0,105.0,36.0,1.0,2.0,1.0,1.0
Bojonggede,Kabupaten Bogor,-6.4960615,106.7947017,672811080.0,105.0,36.0,1.0,2.0,1.0,1.0
Bogor Utara,Kota Bogor,-6.5689517,106.8090297,750000000.0,66.0,110.0,1.0,4.0,2.0,1.0
Cibinong,Kabupaten Bogor,-6.4901067,106.8306951,679600000.0,80.0,36.0,1.0,2.0,1.0,0.0
 Tajurhalang,Kabupaten Bogor,-6.4696108,106.7628396,519000000.0,162.0,36.0,1.0,2.0,1.0,2.0
 Tajurhalang,Kabupaten Bogor,-6.4697074,106.7628941,519000000.0,161.0,36.0,1.0,2.0,1.0,2.0
 Tajurhalang,Kabupaten Bogor,-6.4697074,106.7628941,469000000.0,72.0,36.0,1.0,2.0,1.0,1.0
 Tajurhalang,Kabupaten Bogor,-6.4696108,106.7628396,519000000.0,162.0,36.0,1.0,2.0,1.0,1.0
Cibinong,Kabupaten Bogor,-6.4901067,106.8306951,679600000.0,36.0,80.0,1.0,2.0,1.0,0.0
Bogor Barat,Kota Bogor,-6.563991,106.7633625,455000000.0,72.0,36.0,1.0,2.0,1.0,1.0
Cibinong,Kabupaten Bogor,-6.4901067,106.8306951,679600000.0,80.0,36.0,1.0,2.0,1.0,0.0
Cibinong,Kabupaten Bogor,-6.4901067,106.8306951,679600000.0,80.0,36.0,1.0,2.0,1.0,0.0
Bogor Barat,Kota Bogor,-6.563991,106.7633625,455000000.0,72.0,36.0,1.0,2.0,1.0,1.0
Cibinong,Kabupaten Bogor,-6.4901067,106.8306951,679600000.0,80.0,36.0,1.0,2.0,1.0,0.0
Tajur Halang,Kabupaten Bogor,-6.4551607,106.7501884,532000000.0,134.0,36.0,1.0,2.0,1.0,2.0
Bogor Barat,Kota Bogor,-6.563991,106.7633625,457250000.0,72.0,36.0,1.0,2.0,1.0,1.0
 Tajurhalang,Kabupaten Bogor,-6.4696108,106.7628396,455000000.0,72.0,36.0,1.0,2.0,1.0,1.0
Tajur Halang,Kabupaten Bogor,-6.4551607,106.7501884,405000000.0,72.0,36.0,1.0,2.0,1.0,1.0
Cibinong,Kabupaten Bogor,-6.4901067,106.8306951,355000000.0,50.0,36.0,1.0,2.0,1.0,1.0
Gunung Sindur,Kabupaten Bogor,-6.3847562,106.6804186,400000000.0,66.0,40.0,1.0,2.0,1.0,1.0
Parung Panjang,Kabupaten Bogor,-6.3681068,106.5533873,185000000.0,60.0,28.0,1.0,2.0,1.0,1.0
Cibinong,Kabupaten Bogor,-6.4901067,106.8306951,699000000.0,90.0,60.0,1.0,2.0,1.0,1.0
Cibinong,Kabupaten Bogor,-6.4901067,106.8306951,783191000.0,60.0,65.0,2.0,2.0,2.0,0.0
Cibinong,Kabupaten Bogor,-6.4901067,106.8306951,783191000.0,60.0,65.0,2.0,2.0,2.0,0.0
Parung Panjang,Kabupaten Bogor,-6.3681068,106.5533873,185000000.0,60.0,28.0,1.0,2.0,1.0,1.0
Cibinong,Kabupaten Bogor,-6.4901067,106.8306951,783191000.0,60.0,65.0,2.0,2.0,2.0,0.0
Cibinong,Kabupaten Bogor,-6.4901067,106.8306951,783191000.0,60.0,65.0,2.0,2.0,2.0,0.0
Parung Panjang,Kabupaten Bogor,-6.3681068,106.5533873,185000000.0,60.0,28.0,1.0,2.0,1.0,1.0
Bojonggede,Kabupaten Bogor,-6.4960615,106.7947017,672811080.0,105.0,36.0,1.0,2.0,1.0,0.0
Bojonggede,Kabupaten Bogor,-6.4960615,106.7947017,672811080.0,105.0,36.0,1.0,2.0,1.0,0.0
Bojonggede,Kabupaten Bogor,-6.4960615,106.7947017,672811080.0,105.0,36.0,1.0,2.0,1.0,0.0
Citeureup,Kabupaten Bogor,-6.485174499999999,106.8726814,300000000.0,59.0,45.0,1.0,2.0,1.0,1.0
Bojonggede,Kabupaten Bogor,-6.4960615,106.7947017,672811080.0,105.0,36.0,1.0,2.0,1.0,0.0
Bojonggede,Kabupaten Bogor,-6.4960615,106.7947017,89000000.0,63.0,37.0,1.0,2.0,1.0,1.0
 Gunung Putri,Kabupaten Bogor,-6.403049299999999,106.9299579,1100000000.0,84.0,95.0,2.0,3.0,3.0,1.0
Gunung Putri,Kabupaten Bogor,-6.4288646,106.9240554,900000000.0,125.0,48.0,1.0,2.0,1.0,1.0
 Gunung Putri,Kabupaten Bogor,-6.403049299999999,106.9299579,600000000.0,40.0,84.0,1.0,2.0,1.0,1.0
Tenjo,Kabupaten Bogor,-6.3275839,106.4617439,745000000.0,160.0,52.0,1.0,3.0,1.0,1.0
Dramaga,Kabupaten Bogor,-6.577668999999999,106.7319218,464000000.0,72.0,36.0,1.0,2.0,1.0,1.0
Dramaga,Kabupaten Bogor,-6.577668999999999,106.7319218,369000000.0,60.0,30.0,1.0,2.0,1.0,1.0
Dramaga,Kabupaten Bogor,-6.577668999999999,106.7319218,400000000.0,60.0,60.0,1.0,3.0,1.0,1.0
 Bogor Utara,Kota Bogor,-6.587388199999999,106.8281623,1000000000.0,90.0,100.0,2.0,3.0,2.0,2.0
Bogor Barat,Kota Bogor,-6.563991,106.7633625,270000000.0,179.0,90.0,1.0,2.0,2.0,0.0
Tajur Halang,Kabupaten Bogor,-6.4551607,106.7501884,398000000.0,72.0,36.0,1.0,2.0,1.0,1.0
Cibinong,Kabupaten Bogor,-6.4901067,106.8306951,735000000.0,62.0,66.0,2.0,3.0,2.0,1.0
Cibinong,Kabupaten Bogor,-6.4901067,106.8306951,735000000.0,62.0,65.0,2.0,3.0,2.0,1.0
Cibinong,Kabupaten Bogor,-6.4901067,106.8306951,757000000.0,66.0,65.0,2.0,3.0,2.0,1.0
Bogor Barat,Kota Bogor,-6.563991,106.7633625,750000000.0,60.0,60.0,2.0,3.0,2.0,2.0
Bogor Tengah,Kota Bogor,-6.5930142,106.7864809,750000000.0,60.0,60.0,2.0,3.0,2.0,2.0
Cibinong,Kabupaten Bogor,-6.4901067,106.8306951,699000007.0,90.0,60.0,1.0,2.0,1.0,1.0
Tajur Halang,Kabupaten Bogor,-6.4551607,106.7501884,475000000.0,70.0,55.0,2.0,3.0,2.0,1.0
Bogor Tengah,Kota Bogor,-6.5930142,106.7864809,5200000000.0,264.0,300.0,1.0,5.0,2.0,1.0
Ciomas,Kabupaten Bogor,-6.6019425,106.7656825,270000000.0,179.0,90.0,1.0,2.0,2.0,0.0
Bogor Barat,Kota Bogor,-6.563991,106.7633625,1000000000.0,149.0,149.0,1.0,2.0,1.0,1.0
Citeureup,Kabupaten Bogor,-6.4881955,106.8814798,6500000000.0,331.0,600.0,3.0,10.0,10.0,0.0
Bogor Selatan,Kota Bogor,-6.6323703,106.8075977,480000000.0,60.0,30.0,1.0,2.0,1.0,2.0
Jonggol,Kabupaten Bogor,-6.4597469,107.0422961,590000000.0,90.0,83.0,2.0,2.0,1.0,2.0
Parung Panjang,Kabupaten Bogor,-6.3681068,106.5533873,185000000.0,28.0,60.0,1.0,2.0,1.0,1.0
Parung Panjang,Kabupaten Bogor,-6.3681068,106.5533873,185000000.0,28.0,60.0,1.0,2.0,1.0,1.0
 Babakan Madang,Kabupaten Bogor,-6.5211331,106.8502879,873000000.0,59.0,38.0,1.0,2.0,1.0,1.0
Cibinong,Kabupaten Bogor,-6.4901067,106.8306951,895000000.0,64.0,91.0,2.0,4.0,2.0,2.0
 Cibinong,Kabupaten Bogor,-6.5198749,106.8119382,895000000.0,64.0,91.0,2.0,4.0,2.0,2.0
 Cibinong,Kabupaten Bogor,-6.5198749,106.8119382,895000000.0,64.0,91.0,2.0,4.0,2.0,2.0
Cibinong,Kabupaten Bogor,-6.4901067,106.8306951,895000000.0,64.0,91.0,2.0,4.0,2.0,2.0
Bojonggede,Kabupaten Bogor,-6.4960615,106.7947017,574000000.0,40.0,41.0,2.0,3.0,2.0,1.0
 Cibinong,Kabupaten Bogor,-6.5198749,106.8119382,895000000.0,64.0,91.0,2.0,4.0,2.0,2.0
Cibinong,Kabupaten Bogor,-6.4901067,106.8306951,895000000.0,64.0,91.0,2.0,4.0,2.0,2.0
 Cibinong,Kabupaten Bogor,-6.5198749,106.8119382,895000000.0,64.0,91.0,2.0,4.0,2.0,2.0
 Cibinong,Kabupaten Bogor,-6.5198749,106.8119382,895000000.0,64.0,91.0,2.0,4.0,2.0,2.0
 Cibinong,Kabupaten Bogor,-6.5198749,106.8119382,895000000.0,64.0,91.0,2.0,4.0,2.0,2.0
Ciomas,Kabupaten Bogor,-6.6019425,106.7656825,65000000.0,72.0,40.0,1.0,2.0,1.0,1.0
Bogor Barat,Kota Bogor,-6.563991,106.7633625,3450000000.0,270.0,208.0,2.0,3.0,3.0,0.0
Gunung Sindur,Kabupaten Bogor,-6.3847562,106.6804186,550000000.0,60.0,80.0,1.0,3.0,2.0,1.0
Tajur Halang,Kabupaten Bogor,-6.4758182,106.7578498,398000000.0,72.0,36.0,1.0,2.0,1.0,1.0
Bogor Tengah,Kota Bogor,-6.5930142,106.7864809,2700000000.0,200.0,200.0,2.0,3.0,2.0,1.0
Babakan Madang,Kabupaten Bogor,-6.5636316,106.8639566,2450000000.0,224.0,152.0,2.0,3.0,1.0,1.0
Cibinong,Kabupaten Bogor,-6.4901067,106.8306951,783191000.0,60.0,65.0,2.0,2.0,2.0,0.0
Cibinong,Kabupaten Bogor,-6.4901067,106.8306951,783191000.0,60.0,65.0,2.0,2.0,2.0,0.0
Cibinong,Kabupaten Bogor,-6.4901067,106.8306951,783191000.0,65.0,60.0,2.0,2.0,2.0,0.0
Cibinong,Kabupaten Bogor,-6.4901067,106.8306951,783191000.0,65.0,60.0,2.0,2.0,2.0,0.0
 Gunung Putri,Kabupaten Bogor,-6.4161173,106.9076234,1605000000.0,78.0,86.0,2.0,4.0,2.0,2.0
Gunung Sindur,Kabupaten Bogor,-6.3847562,106.6804186,500000000.0,36.0,58.0,1.0,2.0,1.0,1.0
 Gunung Putri,Kabupaten Bogor,-6.4161173,106.9076234,1485100000.0,78.0,69.0,2.0,3.0,2.0,2.0
Cibinong,Kabupaten Bogor,-6.4901067,106.8306951,679600000.0,80.0,36.0,1.0,2.0,1.0,0.0
Cibinong,Kabupaten Bogor,-6.4901067,106.8306951,679600000.0,80.0,36.0,1.0,2.0,1.0,0.0
Cibinong,Kabupaten Bogor,-6.4901067,106.8306951,905000000.0,64.0,91.0,2.0,3.0,2.0,1.0
Cibinong,Kabupaten Bogor,-6.4901067,106.8306951,679600000.0,80.0,36.0,1.0,2.0,1.0,0.0
Cibinong,Kabupaten Bogor,-6.4901067,106.8306951,679600000.0,80.0,36.0,1.0,2.0,1.0,0.0
Cibinong,Kabupaten Bogor,-6.4901067,106.8306951,679600000.0,80.0,36.0,1.0,2.0,1.0,0.0
Cibinong,Kabupaten Bogor,-6.4901067,106.8306951,780300000.0,93.0,36.0,1.0,2.0,1.0,0.0
Cibinong,Kabupaten Bogor,-6.4901067,106.8306951,780300000.0,93.0,36.0,1.0,2.0,1.0,0.0
Cibinong,Kabupaten Bogor,-6.4901067,106.8306951,780300000.0,93.0,36.0,1.0,2.0,1.0,0.0
 Cibinong,Kabupaten Bogor,-6.4587713,106.8181696,780300000.0,93.0,36.0,1.0,2.0,1.0,0.0
Bojonggede,Kabupaten Bogor,-6.4960615,106.7947017,583190000.0,70.0,36.0,1.0,2.0,1.0,0.0
Bojonggede,Kabupaten Bogor,-6.4960615,106.7947017,583190000.0,70.0,36.0,1.0,2.0,1.0,0.0
Bojonggede,Kabupaten Bogor,-6.4960615,106.7947017,583190000.0,70.0,36.0,1.0,2.0,1.0,0.0
Bojonggede,Kabupaten Bogor,-6.4960615,106.7947017,583190000.0,70.0,36.0,1.0,2.0,1.0,0.0
 Tajur Halang,Kabupaten Bogor,-6.473501499999999,106.7711638,583190000.0,70.0,36.0,1.0,2.0,1.0,0.0
Bojonggede,Kabupaten Bogor,-6.4960615,106.7947017,672811080.0,105.0,36.0,1.0,2.0,1.0,0.0
Bojonggede,Kabupaten Bogor,-6.4960615,106.7947017,672811080.0,105.0,36.0,1.0,2.0,1.0,0.0
Bojonggede,Kabupaten Bogor,-6.4960615,106.7947017,672811080.0,105.0,36.0,1.0,2.0,1.0,0.0
Bojonggede,Kabupaten Bogor,-6.4960615,106.7947017,672811080.0,105.0,36.0,1.0,2.0,1.0,0.0
Cibinong,Kabupaten Bogor,-6.4901067,106.8306951,699000000.0,90.0,60.0,1.0,2.0,1.0,1.0
Tajur Halang,Kabupaten Bogor,-6.4551607,106.7501884,180000000.0,84.0,29.0,1.0,2.0,1.0,1.0
 Gunung Putri,Kabupaten Bogor,-6.4161173,106.9076234,1450000000.0,180.0,112.0,2.0,3.0,2.0,1.0
Leuwiliang,Kabupaten Bogor,-6.5741514,106.6320005,185000000.0,60.0,30.0,1.0,2.0,1.0,1.0
Bogor Utara,Kota Bogor,-6.5689517,106.8090297,1750000000.0,126.0,82.0,1.0,4.0,2.0,0.0
Bogor Timur,Kota Bogor,-6.617944400000001,106.820343,16000000000.0,1400.0,800.0,2.0,5.0,5.0,0.0
Dramaga,Kabupaten Bogor,-6.577668999999999,106.7319218,185000000.0,60.0,27.0,1.0,2.0,1.0,1.0
Ciampea,Kabupaten Bogor,-6.5549421,106.6961626,185000000.0,60.0,27.0,1.0,2.0,1.0,1.0
Cibungbulang,Kabupaten Bogor,-6.5749662,106.6606641,185000000.0,60.0,27.0,1.0,2.0,1.0,1.0
Gunung Putri,Kabupaten Bogor,-6.4288646,106.9240554,600000000.0,78.0,52.0,1.0,2.0,1.0,1.0
Bogor Tengah,Kota Bogor,-6.5930142,106.7864809,2850000000.0,425.0,500.0,2.0,7.0,3.0,2.0
Parung Panjang,Kabupaten Bogor,-6.3681068,106.5533873,743480000.0,68.0,62.0,2.0,3.0,2.0,1.0
Ranca Bungur,Kabupaten Bogor,-6.5379916,106.7312575,550900000.0,90.0,50.0,1.0,2.0,1.0,1.0
Tajur Halang,Kabupaten Bogor,-6.4551607,106.7501884,550000000.0,65.0,130.0,2.0,4.0,3.0,1.0
Tajur Halang,Kabupaten Bogor,-6.4551607,106.7501884,550000000.0,65.0,130.0,2.0,4.0,2.0,1.0
Ranca Bungur,Kabupaten Bogor,-6.5379916,106.7312575,405680000.0,77.0,36.0,1.0,2.0,1.0,1.0
Parung Panjang,Kabupaten Bogor,-6.3681068,106.5533873,878700000.0,84.0,55.0,2.0,2.0,2.0,1.0
Parung Panjang,Kabupaten Bogor,-6.3681068,106.5533873,758400000.0,72.0,46.0,2.0,2.0,2.0,1.0
Tajur Halang,Kabupaten Bogor,-6.4551607,106.7501884,375000000.0,63.0,63.0,1.0,2.0,1.0,1.0
Cibinong,Kabupaten Bogor,-6.4901067,106.8306951,783191000.0,60.0,65.0,2.0,2.0,2.0,0.0
Cibinong,Kabupaten Bogor,-6.4901067,106.8306951,783191000.0,60.0,65.0,2.0,2.0,2.0,0.0
Cibinong,Kabupaten Bogor,-6.4901067,106.8306951,783191000.0,60.0,65.0,2.0,2.0,2.0,0.0
Cibinong,Kabupaten Bogor,-6.4901067,106.8306951,895000000.0,64.0,91.0,2.0,4.0,2.0,1.0
Cibinong,Kabupaten Bogor,-6.4901067,106.8306951,895000000.0,64.0,91.0,2.0,4.0,2.0,1.0
Cibinong,Kabupaten Bogor,-6.4901067,106.8306951,735000000.0,62.0,66.0,2.0,3.0,2.0,1.0
Cibinong,Kabupaten Bogor,-6.4901067,106.8306951,757000000.0,66.0,66.0,2.0,3.0,2.0,1.0
Gunung Putri,Kabupaten Bogor,-6.4288646,106.9240554,999000000.0,104.0,90.0,2.0,3.0,2.0,2.0
 Babakan Madang,Kabupaten Bogor,-6.5211331,106.8502879,895000000.0,64.0,91.0,2.0,4.0,2.0,1.0
 Cibinong,Kabupaten Bogor,-6.5198749,106.8119382,895000000.0,64.0,91.0,2.0,4.0,2.0,1.0
Parung,Kabupaten Bogor,-6.427080399999999,106.7244846,480000000.0,72.0,36.0,1.0,2.0,1.0,1.0
Parung,Kabupaten Bogor,-6.427080399999999,106.7244846,480000000.0,72.0,36.0,1.0,2.0,1.0,1.0
Cibinong,Kabupaten Bogor,-6.4901067,106.8306951,679600000.0,80.0,36.0,1.0,2.0,1.0,0.0
Cibinong,Kabupaten Bogor,-6.4901067,106.8306951,679600000.0,80.0,36.0,1.0,2.0,1.0,0.0
Cibinong,Kabupaten Bogor,-6.4901067,106.8306951,679600000.0,80.0,36.0,1.0,2.0,1.0,0.0
Cibinong,Kabupaten Bogor,-6.4901067,106.8306951,679600000.0,80.0,36.0,1.0,2.0,1.0,0.0
Cibinong,Kabupaten Bogor,-6.4901067,106.8306951,679600000.0,80.0,36.0,1.0,2.0,1.0,0.0
Bojonggede,Kabupaten Bogor,-6.4960615,106.7947017,583190000.0,70.0,36.0,1.0,2.0,1.0,0.0
Bojonggede,Kabupaten Bogor,-6.4960615,106.7947017,583190000.0,70.0,36.0,1.0,2.0,1.0,0.0
Jonggol,Kabupaten Bogor,-6.4597469,107.0422961,250000000.0,72.0,72.0,1.0,3.0,1.0,0.0
Bojonggede,Kabupaten Bogor,-6.4960615,106.7947017,583190000.0,70.0,36.0,1.0,2.0,1.0,0.0
Bojonggede,Kabupaten Bogor,-6.4960615,106.7947017,583190000.0,70.0,36.0,1.0,2.0,1.0,0.0
 Tajur Halang,Kabupaten Bogor,-6.473501499999999,106.7711638,583190000.0,70.0,36.0,1.0,2.0,1.0,0.0
 Babakan Madang,Kabupaten Bogor,-6.5211331,106.8502879,908000000.0,64.0,91.0,2.0,3.0,2.0,1.0
Bojonggede,Kabupaten Bogor,-6.4960615,106.7947017,672811080.0,105.0,36.0,1.0,2.0,1.0,0.0
Bojonggede,Kabupaten Bogor,-6.4960615,106.7947017,672811080.0,105.0,36.0,1.0,2.0,1.0,0.0
Bojonggede,Kabupaten Bogor,-6.4960615,106.7947017,672811080.0,105.0,36.0,1.0,2.0,1.0,0.0
Bojonggede,Kabupaten Bogor,-6.4960615,106.7947017,672811080.0,105.0,36.0,1.0,2.0,1.0,0.0
Cibinong,Kabupaten Bogor,-6.4901067,106.8306951,780300000.0,93.0,36.0,1.0,2.0,1.0,0.0
Cibinong,Kabupaten Bogor,-6.4901067,106.8306951,780300000.0,93.0,36.0,1.0,2.0,1.0,0.0
Cibinong,Kabupaten Bogor,-6.4901067,106.8306951,780300000.0,93.0,36.0,1.0,2.0,1.0,0.0
Cibinong,Kabupaten Bogor,-6.4901067,106.8306951,780300000.0,93.0,36.0,1.0,2.0,1.0,0.0
 Cibinong,Kabupaten Bogor,-6.4587713,106.8181696,780300000.0,93.0,36.0,1.0,2.0,1.0,0.0
Bojonggede,Kabupaten Bogor,-6.4960615,106.7947017,672811080.0,105.0,36.0,1.0,2.0,1.0,0.0
Bojonggede,Kabupaten Bogor,-6.4960615,106.7947017,672811080.0,105.0,36.0,1.0,2.0,1.0,0.0
Cibinong,Kabupaten Bogor,-6.4901067,106.8306951,780300000.0,93.0,36.0,1.0,2.0,1.0,0.0
Cibinong,Kabupaten Bogor,-6.4901067,106.8306951,780300000.0,93.0,36.0,1.0,2.0,1.0,0.0
Cibinong,Kabupaten Bogor,-6.4901067,106.8306951,780300000.0,93.0,36.0,1.0,2.0,1.0,0.0
Cibinong,Kabupaten Bogor,-6.4901067,106.8306951,780300000.0,93.0,36.0,1.0,2.0,1.0,0.0
 Cibinong,Kabupaten Bogor,-6.4587713,106.8181696,780300000.0,93.0,36.0,1.0,2.0,1.0,0.0
Parung Panjang,Kabupaten Bogor,-6.3681068,106.5533873,650000000.0,72.0,36.0,1.0,2.0,1.0,1.0
Cibinong,Kabupaten Bogor,-6.4901067,106.8306951,699000000.0,90.0,60.0,1.0,2.0,1.0,1.0
Citeureup,Kabupaten Bogor,-6.4881955,106.8814798,583000000.0,75.0,69.0,2.0,3.0,2.0,1.0
Tajur Halang,Kabupaten Bogor,-6.4551607,106.7501884,485000000.0,90.0,40.0,1.0,2.0,1.0,2.0
Bogor Barat,Kota Bogor,-6.563991,106.7633625,1200000000.0,87.0,78.0,2.0,3.0,2.0,2.0
Bogor Selatan,Kota Bogor,-6.6323703,106.8075977,950000000.0,105.0,52.0,1.0,2.0,1.0,0.0
Parung Panjang,Kabupaten Bogor,-6.3681068,106.5533873,390000000.0,72.0,39.0,1.0,2.0,1.0,1.0
Bogor Tengah,Kota Bogor,-6.5930142,106.7864809,19950000000.0,2145.0,400.0,2.0,4.0,8.0,0.0
Cibinong,Kabupaten Bogor,-6.4901067,106.8306951,2000000.0,64.0,40.0,1.0,2.0,1.0,1.0
Cibinong,Kabupaten Bogor,-6.4901067,106.8306951,2000000.0,60.0,70.0,2.0,3.0,2.0,1.0
Bojonggede,Kabupaten Bogor,-6.4960615,106.7947017,500000000.0,60.0,45.0,1.0,2.0,1.0,1.0
Cileungsi,Kabupaten Bogor,-6.402271799999999,106.9704941,185000000.0,72.0,40.0,1.0,2.0,1.0,1.0
Cileungsi,Kabupaten Bogor,-6.402271799999999,106.9704941,150000000.0,80.0,38.0,1.0,2.0,1.0,1.0
Tajur Halang,Kabupaten Bogor,-6.4551607,106.7501884,300000000.0,60.0,364.0,2.0,4.0,2.0,1.0
Tajur Halang,Kabupaten Bogor,-6.4551607,106.7501884,300000000.0,70.0,36.0,1.0,2.0,1.0,1.0
Bogor Timur,Kota Bogor,-6.617944400000001,106.820343,255000000.0,40.0,80.0,2.0,2.0,2.0,2.0
 Cibinong,Kabupaten Bogor,-6.5198749,106.8119382,895000000.0,64.0,91.0,2.0,4.0,2.0,1.0
 Cibinong,Kabupaten Bogor,-6.5198749,106.8119382,895000000.0,64.0,91.0,2.0,4.0,2.0,1.0
 Cibinong,Kabupaten Bogor,-6.5198749,106.8119382,895000000.0,64.0,91.0,2.0,4.0,2.0,1.0
Cibinong,Kabupaten Bogor,-6.4901067,106.8306951,895000000.0,64.0,91.0,2.0,4.0,2.0,1.0
 Cibinong,Kabupaten Bogor,-6.5198749,106.8119382,895000000.0,64.0,91.0,2.0,4.0,2.0,2.0
Cibinong,Kabupaten Bogor,-6.4901067,106.8306951,895000000.0,64.0,91.0,2.0,4.0,2.0,1.0
 Bojonggede,Kabupaten Bogor,-6.4974742,106.791291,590000000.0,60.0,66.0,2.0,3.0,2.0,2.0
 Bojonggede,Kabupaten Bogor,-6.4974742,106.791291,590000000.0,60.0,66.0,2.0,3.0,2.0,2.0
Bogor Selatan,Kota Bogor,-6.6323703,106.8075977,600000000.0,78.0,72.0,1.0,3.0,2.0,1.0
Tajur Halang,Kabupaten Bogor,-6.4551607,106.7501884,383000000.0,72.0,36.0,1.0,2.0,1.0,1.0
Leuwiliang,Kabupaten Bogor,-6.5741514,106.6320005,1000000000.0,125.0,125.0,2.0,3.0,2.0,1.0
Cibinong,Kabupaten Bogor,-6.4901067,106.8306951,950000000.0,67.0,72.0,2.0,2.0,2.0,1.0
Cibinong,Kabupaten Bogor,-6.4901067,106.8306951,750000000.0,108.0,99.0,1.0,2.0,2.0,1.0
Cibinong,Kabupaten Bogor,-6.4901067,106.8306951,750000000.0,108.0,100.0,1.0,2.0,2.0,1.0
Cibinong,Kabupaten Bogor,-6.4901067,106.8306951,750000000.0,108.0,100.0,1.0,2.0,2.0,1.0
Cibinong,Kabupaten Bogor,-6.4901067,106.8306951,750000000.0,108.0,99.0,1.0,2.0,2.0,1.0
Cibinong,Kabupaten Bogor,-6.4901067,106.8306951,750000000.0,108.0,100.0,1.0,2.0,2.0,1.0
Cibinong,Kabupaten Bogor,-6.4901067,106.8306951,750000000.0,108.0,100.0,1.0,2.0,2.0,1.0
Tenjo,Kabupaten Bogor,-6.3275839,106.4617439,571000000.0,119.0,40.0,1.0,2.0,1.0,1.0
Parung Panjang,Kabupaten Bogor,-6.3681068,106.5533873,179000000.0,60.0,26.0,1.0,2.0,1.0,1.0
Tenjo,Kabupaten Bogor,-6.3275839,106.4617439,350000000.0,90.0,36.0,1.0,2.0,1.0,1.0
Tajur Halang,Kabupaten Bogor,-6.4551607,106.7501884,398000000.0,60.0,30.0,1.0,2.0,1.0,1.0
Cibinong,Kabupaten Bogor,-6.4901067,106.8306951,757000000.0,66.0,66.0,2.0,3.0,2.0,1.0
Bojonggede,Kabupaten Bogor,-6.4960615,106.7947017,997000000.0,115.0,85.0,2.0,3.0,3.0,2.0
Cibinong,Kabupaten Bogor,-6.4901067,106.8306951,723000000.0,60.0,66.0,2.0,3.0,2.0,1.0
Cibinong,Kabupaten Bogor,-6.4901067,106.8306951,757000000.0,66.0,66.0,2.0,3.0,2.0,1.0
Cibinong,Kabupaten Bogor,-6.4901067,106.8306951,3750000000.0,1500.0,500.0,2.0,5.0,5.0,5.0
Cibinong,Kabupaten Bogor,-6.4901067,106.8306951,757000000.0,66.0,66.0,2.0,3.0,2.0,1.0
Bojonggede,Kabupaten Bogor,-6.4960615,106.7947017,611000000.0,60.0,60.0,2.0,2.0,2.0,1.0
 Cibinong,Kabupaten Bogor,-6.5198749,106.8119382,895000000.0,64.0,91.0,2.0,4.0,2.0,2.0
Cibinong,Kabupaten Bogor,-6.4901067,106.8306951,895000000.0,64.0,91.0,2.0,4.0,2.0,2.0
 Cibinong,Kabupaten Bogor,-6.5198749,106.8119382,895000000.0,64.0,91.0,2.0,4.0,2.0,2.0
 Cibinong,Kabupaten Bogor,-6.5198749,106.8119382,895000000.0,64.0,91.0,2.0,4.0,2.0,2.0
Cibinong,Kabupaten Bogor,-6.4901067,106.8306951,2000000.0,64.0,40.0,1.0,2.0,1.0,1.0
 Cibinong,Kabupaten Bogor,-6.5198749,106.8119382,895000000.0,64.0,91.0,2.0,4.0,2.0,2.0
Bojonggede,Kabupaten Bogor,-6.4960615,106.7947017,110000000.0,60.0,47.0,1.0,2.0,1.0,0.0
Cibinong,Kabupaten Bogor,-6.4901067,106.8306951,895000000.0,64.0,91.0,2.0,4.0,2.0,2.0
Cibinong,Kabupaten Bogor,-6.4901067,106.8306951,2000000.0,60.0,70.0,2.0,3.0,2.0,1.0
 Cibinong,Kabupaten Bogor,-6.5198749,106.8119382,895000000.0,64.0,91.0,2.0,4.0,2.0,2.0
Bojonggede,Kabupaten Bogor,-6.4960615,106.7947017,583190000.0,70.0,36.0,2.0,2.0,2.0,1.0
Bojonggede,Kabupaten Bogor,-6.4960615,106.7947017,583190000.0,70.0,36.0,2.0,2.0,2.0,1.0
 Bogor Utara,Kota Bogor,-6.587388199999999,106.8281623,590000000.0,60.0,66.0,2.0,3.0,2.0,2.0
 Cibinong,Kabupaten Bogor,-6.5198749,106.8119382,895000000.0,64.0,91.0,2.0,4.0,2.0,2.0
Cibinong,Kabupaten Bogor,-6.4901067,106.8306951,783191000.0,60.0,65.0,2.0,2.0,2.0,1.0
Cibinong,Kabupaten Bogor,-6.4901067,106.8306951,783191000.0,60.0,65.0,2.0,2.0,2.0,1.0
Bojonggede,Kabupaten Bogor,-6.4960615,106.7947017,672811080.0,105.0,36.0,1.0,2.0,1.0,1.0
Bojonggede,Kabupaten Bogor,-6.4960615,106.7947017,672811080.0,105.0,36.0,1.0,2.0,1.0,1.0
Cibinong,Kabupaten Bogor,-6.4901067,106.8306951,780300000.0,93.0,36.0,1.0,2.0,1.0,1.0
Cibinong,Kabupaten Bogor,-6.4901067,106.8306951,780300000.0,93.0,36.0,1.0,2.0,1.0,1.0
Bogor Timur,Kota Bogor,-6.617944400000001,106.820343,905000000.0,64.0,91.0,2.0,3.0,2.0,1.0
 Cibinong,Kabupaten Bogor,-6.5198749,106.8119382,905000000.0,64.0,91.0,2.0,3.0,2.0,1.0
Parung Panjang,Kabupaten Bogor,-6.3681068,106.5533873,185000000.0,60.0,28.0,1.0,2.0,1.0,1.0
Parung Panjang,Kabupaten Bogor,-6.3681068,106.5533873,185000000.0,60.0,28.0,1.0,2.0,1.0,1.0
Parung Panjang,Kabupaten Bogor,-6.3681068,106.5533873,185000000.0,60.0,28.0,1.0,2.0,1.0,1.0
Parung Panjang,Kabupaten Bogor,-6.3681068,106.5533873,185000000.0,60.0,28.0,1.0,2.0,1.0,1.0
Parung Panjang,Kabupaten Bogor,-6.3681068,106.5533873,185000000.0,60.0,28.0,1.0,2.0,1.0,1.0
Klapanunggal,Kabupaten Bogor,-6.4520205,106.9568574,350000000.0,116.0,97.0,1.0,3.0,1.0,1.0
Gunung Sindur,Kabupaten Bogor,-6.3847562,106.6804186,495000000.0,75.0,45.0,1.0,2.0,1.0,1.0
 Bojonggede,Kabupaten Bogor,-6.4974742,106.791291,581000000.0,89.0,36.0,1.0,2.0,1.0,1.0
 Tenjo,Kabupaten Bogor,-6.3363366,106.464734,230000000.0,60.0,22.0,1.0,1.0,1.0,1.0
Parung Panjang,Kabupaten Bogor,-6.3681068,106.5533873,342000000.0,60.0,32.0,1.0,2.0,1.0,1.0
 Bogor Utara,Kota Bogor,-6.587388199999999,106.8281623,500000000.0,90.0,36.0,1.0,2.0,1.0,1.0
Citeureup,Kabupaten Bogor,-6.4881955,106.8814798,350000000.0,300.0,290.0,2.0,3.0,1.0,2.0
Kemang,Kabupaten Bogor,-6.509142799999999,106.7500025,600000000.0,60.0,66.0,2.0,3.0,2.0,2.0
Kemang,Kabupaten Bogor,-6.509142799999999,106.7500025,600000000.0,60.0,66.0,2.0,3.0,2.0,1.0
Kemang,Kabupaten Bogor,-6.509142799999999,106.7500025,600000000.0,60.0,66.0,2.0,3.0,2.0,1.0
Kemang,Kabupaten Bogor,-6.509142799999999,106.7500025,600000000.0,60.0,66.0,2.0,3.0,2.0,1.0
Kemang,Kabupaten Bogor,-6.509142799999999,106.7500025,600000000.0,60.0,66.0,2.0,3.0,2.0,1.0
 Bogor Barat,Kota Bogor,-6.5616504,106.7544259,1400000000.0,128.0,185.0,2.0,4.0,4.0,2.0
Cibinong,Kabupaten Bogor,-6.4901067,106.8306951,900000000.0,101.0,185.0,2.0,4.0,2.0,1.0
Bogor Barat,Kota Bogor,-6.563991,106.7633625,18000000000.0,1128.0,1128.0,2.0,38.0,38.0,5.0
Gunung Sindur,Kabupaten Bogor,-6.3847562,106.6804186,1500000000.0,98.0,126.0,2.0,2.0,3.0,1.0
 Bojonggede,Kabupaten Bogor,-6.456223,106.79719,407002000.0,72.0,39.0,1.0,2.0,1.0,1.0
Gunung Sindur,Kabupaten Bogor,-6.3847562,106.6804186,1250000000.0,120.0,60.0,1.0,2.0,1.0,0.0
 Babakan Madang,Kabupaten Bogor,-6.5211331,106.8502879,723000000.0,60.0,66.0,2.0,3.0,2.0,1.0
Cibinong,Kabupaten Bogor,-6.4901067,106.8306951,723000000.0,60.0,65.0,2.0,3.0,2.0,1.0
Cibinong,Kabupaten Bogor,-6.4901067,106.8306951,679600000.0,80.0,36.0,1.0,2.0,1.0,0.0
Cibinong,Kabupaten Bogor,-6.4901067,106.8306951,679600000.0,80.0,36.0,1.0,2.0,1.0,0.0
Cibinong,Kabupaten Bogor,-6.4901067,106.8306951,679600000.0,80.0,36.0,1.0,2.0,1.0,0.0
Cibinong,Kabupaten Bogor,-6.4901067,106.8306951,679600000.0,80.0,36.0,1.0,2.0,1.0,0.0
Cibinong,Kabupaten Bogor,-6.4901067,106.8306951,679600000.0,80.0,36.0,1.0,2.0,1.0,0.0
 Babakan Madang,Kabupaten Bogor,-6.5211331,106.8502879,759000000.0,60.0,66.0,2.0,3.0,2.0,1.0
Cibinong,Kabupaten Bogor,-6.4901067,106.8306951,679600000.0,80.0,36.0,1.0,2.0,1.0,0.0
Cibinong,Kabupaten Bogor,-6.4901067,106.8306951,759000000.0,60.0,66.0,2.0,3.0,2.0,1.0
Gunung Sindur,Kabupaten Bogor,-6.3847562,106.6804186,1500000000.0,98.0,126.0,2.0,2.0,3.0,1.0
Cibinong,Kabupaten Bogor,-6.4901067,106.8306951,679600000.0,80.0,36.0,1.0,2.0,1.0,0.0
Cibinong,Kabupaten Bogor,-6.4901067,106.8306951,679600000.0,80.0,36.0,1.0,2.0,1.0,0.0
Cileungsi,Kabupaten Bogor,-6.402271799999999,106.9704941,950000000.0,120.0,110.0,1.0,2.0,2.0,1.0
Cibinong,Kabupaten Bogor,-6.4901067,106.8306951,679600000.0,80.0,36.0,1.0,2.0,1.0,0.0
 Gunung Putri,Kabupaten Bogor,-6.403049299999999,106.9299579,570000000.0,84.0,40.0,1.0,2.0,1.0,1.0
Cibinong,Kabupaten Bogor,-6.4901067,106.8306951,783191000.0,60.0,65.0,2.0,2.0,2.0,0.0
Cibinong,Kabupaten Bogor,-6.4901067,106.8306951,783191000.0,60.0,65.0,2.0,2.0,2.0,0.0
Cibinong,Kabupaten Bogor,-6.4901067,106.8306951,783191000.0,60.0,65.0,2.0,2.0,2.0,0.0
Parung Panjang,Kabupaten Bogor,-6.3681068,106.5533873,954520000.0,68.0,62.0,2.0,3.0,1.0,1.0
Cibinong,Kabupaten Bogor,-6.4901067,106.8306951,783191000.0,60.0,64.0,2.0,2.0,2.0,0.0
Cibinong,Kabupaten Bogor,-6.4901067,106.8306951,783191000.0,60.0,65.0,2.0,2.0,2.0,0.0
Cibinong,Kabupaten Bogor,-6.4901067,106.8306951,783191000.0,60.0,65.0,2.0,2.0,2.0,0.0
Cibinong,Kabupaten Bogor,-6.4901067,106.8306951,783191000.0,60.0,65.0,2.0,2.0,2.0,0.0
Cibinong,Kabupaten Bogor,-6.4901067,106.8306951,783191000.0,60.0,65.0,2.0,2.0,2.0,0.0
Cibinong,Kabupaten Bogor,-6.4901067,106.8306951,783191000.0,60.0,65.0,2.0,2.0,2.0,0.0
Bojonggede,Kabupaten Bogor,-6.4960615,106.7947017,672811080.0,105.0,36.0,1.0,2.0,1.0,0.0
Bojonggede,Kabupaten Bogor,-6.4960615,106.7947017,672811080.0,105.0,36.0,1.0,2.0,1.0,0.0
